1,google.com
2,microsoft.com
3,www.google.com
4,data.microsoft.com
5,events.data.microsoft.com
6,office.com
7,live.com
8,apple.com
9,microsoftonline.com
10,login.microsoftonline.com
11,windowsupdate.com
12,clientservices.googleapis.com
13,ctldl.windowsupdate.com
14,amazonaws.com
15,safebrowsing.googleapis.com
16,googleusercontent.com
17,accounts.google.com
18,play.google.com
19,digicert.com
20,update.googleapis.com
21,doubleclick.net
22,office.net
23,ecs.office.com
24,settings-win.data.microsoft.com
25,skype.com
26,mp.microsoft.com
27,officeapps.live.com
28,bing.com
29,g.doubleclick.net
30,www.googleapis.com
31,mobile.events.data.microsoft.com
32,clients6.google.com
33,edge.skype.com
34,config.edge.skype.com
35,google-analytics.com
36,fonts.googleapis.com
37,lh3.googleusercontent.com
38,office365.com
39,clients4.google.com
40,optimizationguide-pa.googleapis.com
41,googletagmanager.com
42,www.googletagmanager.com
43,ocsp.digicert.com
44,www.google-analytics.com
45,googleads.g.doubleclick.net
46,msn.com
47,outlook.office365.com
48,facebook.com
49,e2ro.com
50,mtalk.google.com
51,teams.microsoft.com
52,node.e2ro.com
53,edge.microsoft.com
54,dsp.mp.microsoft.com
55,do.dsp.mp.microsoft.com
56,prod.do.dsp.mp.microsoft.com
57,icloud.com
58,youtube.com
59,com.akadns.net
60,www.bing.com
61,content-autofill.googleapis.com
62,graph.microsoft.com
63,outlook.office.com
64,googleadservices.com
65,ogads-pa.clients6.google.com
66,cloudflare.com
67,www.googleadservices.com
68,ls.apple.com
69,sharepoint.com
70,aaplimg.com
71,login.live.com
72,apple-dns.net
73,amazon.com
74,cdn.office.net
75,substrate.office.com
76,config.teams.microsoft.com
77,windows.net
78,g.aaplimg.com
79,www.youtube.com
80,lencr.org
81,self.events.data.microsoft.com
82,itunes.apple.com
83,play.googleapis.com
84,assets.msn.com
85,teams.events.data.microsoft.com
86,ytimg.com
87,clients2.google.com
88,i.ytimg.com
89,windows.com
90,c.lencr.org
91,x1.c.lencr.org
92,roaming.officeapps.live.com
93,measure.office.net
94,nel.measure.office.net
95,azure.com
96,manage.microsoft.com
97,browser.events.data.microsoft.com
98,pki.goog
99,googlesyndication.com
100,core.windows.net
101,push.apple.com
102,time.apple.com
103,fe2.apple-dns.net
104,smartscreen.microsoft.com
105,officeclient.microsoft.com
106,v10.events.data.microsoft.com
107,config.office.net
108,clients.config.office.net
109,measure.office.com
110,fp.measure.office.com
111,pagead2.googlesyndication.com
112,c.pki.goog
113,sentry.io
114,delivery.mp.microsoft.com
115,outlook.com
116,www.facebook.com
117,storage.live.com
118,docs.google.com
119,apis.google.com
120,us-mobile.events.data.microsoft.com
121,gvt2.com
122,bag.itunes.apple.com
123,static.microsoft
124,mask.icloud.com
125,time.g.aaplimg.com
126,upload.fp.measure.office.com
127,waa-pa.clients6.google.com
128,th.bing.com
129,api.msn.com
130,gateway.icloud.com
131,img-s-msn-com.akamaized.net
132,clients.google.com
133,android.clients.google.com
134,gcp.gvt2.com
135,ocsp2.apple.com
136,itunes-apple.com.akadns.net
137,ogs.google.com
138,beacons.gcp.gvt2.com
139,apple.com.akadns.net
140,trouter.teams.microsoft.com
141,safebrowsing.google.com
142,yahoo.com
143,configuration.ls.apple.com
144,stats.g.doubleclick.net
145,gateway.fe2.apple-dns.net
146,analytics.google.com
147,ad.doubleclick.net
148,exo.nel.measure.office.net
149,scorecardresearch.com
150,msftconnecttest.com
151,opendns.com
152,delve.office.com
153,loki.delve.office.com
154,us-west-2.amazonaws.com
155,signaler-pa.clients6.google.com
156,netflix.com
157,onecdn.static.microsoft
158,public.onecdn.static.microsoft
159,us-v20.events.data.microsoft.com
160,flightproxy.teams.microsoft.com
161,teams.cdn.office.net
162,statics.teams.cdn.office.net
163,ls-apple.com.akadns.net
164,aa-rt.sharepoint.com
165,www.msftconnecttest.com
166,ess.apple.com
167,res.public.onecdn.static.microsoft
168,gdmf.apple.com
169,gvt1.com
170,us-v10c.events.data.microsoft.com
171,cloud.microsoft
172,lh3.google.com
173,mail.google.com
174,fbcdn.net
175,tpc.googlesyndication.com
176,sb.scorecardresearch.com
177,res.office365.com
178,augloop.office.com
179,addons-pa.clients6.google.com
180,api.flightproxy.teams.microsoft.com
181,mask.apple-dns.net
182,gsp-ssl.ls.apple.com
183,graph.facebook.com
184,odc.officeapps.live.com
185,logs.netflix.com
186,ocsp2-lb.apple.com.akadns.net
187,global.aa-rt.sharepoint.com
188,gr.global.aa-rt.sharepoint.com
189,update.microsoft.com
190,facebook.net
191,res.cdn.office.net
192,connect.facebook.net
193,osi.office.net
194,c.bing.com
195,mesu.apple.com
196,windows.msn.com
197,v20.events.data.microsoft.com
198,msedge.net
199,adobe.com
200,protection.outlook.com
201,fastly.net
202,presence.teams.microsoft.com
203,cdn-apple.com
204,r4.res.office365.com
205,googlevideo.com
206,geo.prod.do.dsp.mp.microsoft.com
207,bag-cdn.itunes-apple.com.akadns.net
208,mask-h2.icloud.com
209,adnxs.com
210,iphone-ld.apple.com
211,ftl.netflix.com
212,aria.microsoft.com
213,pipe.aria.microsoft.com
214,cloudapp.azure.com
215,fe3cr.delivery.mp.microsoft.com
216,amazon-adsystem.com
217,srtb.msn.com
218,arc.msn.com
219,me.gvt1.com
220,edgedl.me.gvt1.com
221,mos.microsoft.com
222,prod.mos.microsoft.com
223,titles.prod.mos.microsoft.com
224,clients3.google.com
225,demdex.net
226,go.trouter.teams.microsoft.com
227,v.aaplimg.com
228,nleditor.osi.office.net
229,gs-loc.apple.com
230,nr-data.net
231,prod.ftl.netflix.com
232,crl3.digicert.com
233,cdnjs.cloudflare.com
234,teams.cloud.microsoft
235,securepubads.g.doubleclick.net
236,dl.delivery.mp.microsoft.com
237,linkedin.com
238,static.doubleclick.net
239,res-1.cdn.office.net
240,wd.microsoft.com
241,tlu.dl.delivery.mp.microsoft.com
242,id.google.com
243,init.ess.apple.com
244,www.msn.com
245,origin-apple.com.akadns.net
246,instagram.com
247,ipv4only.arpa
248,sfx.ms
249,ocws.officeapps.live.com
250,cp.wd.microsoft.com
251,oneclient.sfx.ms
252,ingest.sentry.io
253,xx.fbcdn.net
254,app-measurement.com
255,asyncgw.teams.microsoft.com
256,google-ohttp-relay-safebrowsing.fastly-edge.com
257,gspe79-ssl.ls.apple.com
258,kv601.prod.do.dsp.mp.microsoft.com
259,adsrvr.org
260,beacons.gvt2.com
261,ggpht.com
262,app-analytics-services.com
263,safebrowsing.apple
264,storage.googleapis.com
265,yt3.ggpht.com
266,adobe.io
267,bam.nr-data.net
268,pendo.io
269,smoot.apple.com
270,activity.windows.com
271,g.live.com
272,jnn-pa.googleapis.com
273,virtualearth.net
274,dpm.demdex.net
275,dev.virtualearth.net
276,edge-mqtt.facebook.com
277,init.push.apple.com
278,cisco.com
279,rubiconproject.com
280,entrust.net
281,ntp.org
282,pool.ntp.org
283,ocsp.entrust.net
284,nel.cloudflare.com
285,a.nel.cloudflare.com
286,ib.adnxs.com
287,safesearch.googleapis.com
288,peoplestack-pa.clients6.google.com
289,pubmatic.com
290,m.google.com
291,gateway.facebook.com
292,prod.netflix.com
293,push.prod.netflix.com
294,us-prod.asyncgw.teams.microsoft.com
295,cm.g.doubleclick.net
296,www.apple.com
297,googlezip.net
298,go.microsoft.com
299,accounts.youtube.com
300,api.amazon.com
301,nam.loki.delve.office.com
302,asm.skype.com
303,td.doubleclick.net
304,drive.google.com
305,xp.apple.com
306,jsdelivr.net
307,cdn.jsdelivr.net
308,criteo.com
309,configuration-lb.ls-apple.com.akadns.net
310,c10r.facebook.com
311,snapchat.com
312,suite.office.com
313,webshell.suite.office.com
314,kv501.prod.do.dsp.mp.microsoft.com
315,casalemedia.com
316,browser.pipe.aria.microsoft.com
317,peoplestackwebexperiments-pa.clients6.google.com
318,dsce9.akamaiedge.net
319,dm.microsoft.com
320,dataservice.protection.outlook.com
321,checkin.dm.microsoft.com
322,nrdp-ipv6.prod.ftl.netflix.com
323,launchdarkly.com
324,ads.linkedin.com
325,tunnel.googlezip.net
326,whatsapp.net
327,doh.opendns.com
328,rlcdn.com
329,px.ads.linkedin.com
330,xpaywalletcdn-prod.azureedge.net
331,fe2cr.update.microsoft.com
332,licensing.mp.microsoft.com
333,config.fp.measure.office.com
334,openx.net
335,drivefrontend-pa.googleapis.com
336,m365cdn.nel.measure.office.net
337,c.amazon-adsystem.com
338,elb.amazonaws.com
339,googletagservices.com
340,firebaselogging-pa.googleapis.com
341,www.googletagservices.com
342,cookielaw.org
343,cdn.cookielaw.org
344,s.amazon-adsystem.com
345,mrodevicemgr.officeapps.live.com
346,us-api.asm.skype.com
347,unitedstates.cp.wd.microsoft.com
348,iris.microsoft.com
349,api.iris.microsoft.com
350,bat.bing.com
351,ade.googlesyndication.com
352,kv801.prod.do.dsp.mp.microsoft.com
353,svc.ms
354,web.facebook.com
355,safeframe.googlesyndication.com
356,bidswitch.net
357,play-fe.googleapis.com
358,3lift.com
359,kt-prod.ess.apple.com
360,spotify.com
361,notifications-pa.googleapis.com
362,c.msn.com
363,contacts.google.com
364,nexusrules.officeapps.live.com
365,data.pendo.io
366,i.instagram.com
367,netflix.net
368,2mdn.net
369,init-p01md.apple.com
370,partner.netflix.net
371,prod.partner.netflix.net
372,enterprise.activity.windows.com
373,gsp85-ssl.ls.apple.com
374,licdn.com
375,download.windowsupdate.com
376,chromereporting-pa.googleapis.com
377,fd.api.iris.microsoft.com
378,oauthaccountmanager.googleapis.com
379,match.adsrvr.org
380,preapp.prod.partner.netflix.net
381,time.windows.com
382,www.microsoft.com
383,adtrafficquality.google
384,proxy.safebrowsing.apple
385,firebaseremoteconfig.googleapis.com
386,mask-api.icloud.com
387,s0.2mdn.net
388,tools.google.com
389,taboola.com
390,mzstatic.com
391,guzzoni.apple.com
392,metrics.icloud.com
393,cloudmessaging.edge.microsoft.com
394,access-point.cloudmessaging.edge.microsoft.com
395,a2z.com
396,x.bidswitch.net
397,wns.windows.com
398,apps.apple.com
399,dds.microsoft.com
400,ep1.adtrafficquality.google
401,msftauth.net
402,autodiscover-s.outlook.com
403,news-edge.apple.com
404,dsx.mp.microsoft.com
405,doubleverify.com
406,fcmconnection.googleapis.com
407,storeedgefd.dsx.mp.microsoft.com
408,tapad.com
409,analytics.yahoo.com
410,configuration.apple.com
411,people-pa.googleapis.com
412,nelreports.net
413,umbrella.com
414,microsoftapp.net
415,agkn.com
416,engagement.office.com
417,messaging.engagement.office.com
418,ep2.adtrafficquality.google
419,unitedstates.smartscreen.microsoft.com
420,b.tlu.dl.delivery.mp.microsoft.com
421,msedge.b.tlu.dl.delivery.mp.microsoft.com
422,nav-edge.smartscreen.microsoft.com
423,weatherkit.apple.com
424,pancake.apple.com
425,skydrive.wns.windows.com
426,tm-4.office.com
427,appsgrowthpromo-pa.clients6.google.com
428,ajax.googleapis.com
429,cdn.pendo.io
430,wyzecam.com
431,smartadserver.com
432,gspe35-ssl.ls.apple.com
433,gspe19-2-ssl.ls.apple.com
434,pixel.rubiconproject.com
435,cdp.microsoft.com
436,api.cdp.microsoft.com
437,msedge.api.cdp.microsoft.com
438,android.googleapis.com
439,youtubei.googleapis.com
440,init.itunes.apple.com
441,espresso-pa.clients6.google.com
442,doh.umbrella.com
443,msftncsi.com
444,telephony.goog
445,adsafeprotected.com
446,api.wyzecam.com
447,appcenter.ms
448,star.c10r.facebook.com
449,browser-intake-datadoghq.com
450,csp.withgoogle.com
451,media.net
452,cs.dds.microsoft.com
453,monitor.azure.com
454,edge.microsoftapp.net
455,static.edge.microsoftapp.net
456,l.google.com
457,rcs.telephony.goog
458,captive.apple.com
459,resources.office.net
460,typekit.net
461,maps.googleapis.com
462,onetrust.com
463,passwordsleakcheck-pa.googleapis.com
464,cc-api-data.adobe.io
465,appsflyersdk.com
466,ow1.res.office365.com
467,adobedtm.com
468,pubads.g.doubleclick.net
469,assets.adobedtm.com
470,liadm.com
471,in.appcenter.ms
472,outbrain.com
473,apple.news
474,c.apple.news
475,ecn-us.dev.virtualearth.net
476,pixel.tapad.com
477,gum.criteo.com
478,inbox.google.com
479,apple.map.fastly.net
480,use.typekit.net
481,device-api.wyzecam.com
482,edge-consumer-static.azureedge.net
483,eb2.3lift.com
484,media-amazon.com
485,aax.amazon-adsystem.com
486,ci3.googleusercontent.com
487,sharethrough.com
488,cdninstagram.com
489,firebaseinstallations.googleapis.com
490,clarity.ms
491,idsync.rlcdn.com
492,token.safebrowsing.apple
493,1rx.io
494,newrelic.com
495,m.media-amazon.com
496,configservice.wyzecam.com
497,online.office.com
498,icloud-content.com
499,mesu-cdn.origin-apple.com.akadns.net
500,stackadapt.com
501,aad.cs.dds.microsoft.com
502,srv.stackadapt.com
503,dns.msftncsi.com
504,everesttech.net
505,dotomi.com
506,sync.1rx.io
507,lijit.com
508,secure.adnxs.com
509,hbopenbid.pubmatic.com
510,us-u.openx.net
511,iot.us-west-2.amazonaws.com
512,imasdk.googleapis.com
513,devicelistenerprod.microsoft.com
514,svc.cloud.microsoft
515,token.rubiconproject.com
516,data.msn.com
517,twitter.com
518,cloudflareinsights.com
519,eastus.cloudapp.azure.com
520,e673.dsce9.akamaiedge.net
521,id5-sync.com
522,crwdcntrl.net
523,browser.events.data.msn.com
524,events.data.msn.com
525,gsp-ssl.ls-apple.com.akadns.net
526,fastlane.rubiconproject.com
527,content.office.net
528,support.content.office.net
529,graph.instagram.com
530,amazon.dev
531,cl2.apple.com
532,ampproject.org
533,live.net
534,cdn.doubleverify.com
535,quantserve.com
536,geolocation.onetrust.com
537,htlb.casalemedia.com
538,cdn.ampproject.org
539,js.monitor.azure.com
540,devices.a2z.com
541,apis.apple.map.fastly.net
542,g.whatsapp.net
543,h3.apis.apple.map.fastly.net
544,gspe79-cdn.g.aaplimg.com
545,creativecdn.com
546,static.cloudflareinsights.com
547,m365.cloud.microsoft
548,clients1.google.com
549,nist.gov
550,wps.apple.com
551,fpinit.itunes.apple.com
552,ybp.yahoo.com
553,slscr.update.microsoft.com
554,public.cdn.office.net
555,adservice.google.com
556,i.liadm.com
557,ups.analytics.yahoo.com
558,aa.agkn.com
559,ntp.msn.com
560,common.online.office.com
561,nel.goog
562,b1.nel.goog
563,safelinks.protection.outlook.com
564,bag-cdn-lb.itunes-apple.com.akadns.net
565,fs.microsoft.com
566,crashlytics.com
567,fpc.msedge.net
568,turn.com
569,api.snapchat.com
570,ocsp2.g.aaplimg.com
571,ssum-sec.casalemedia.com
572,adform.net
573,people-pa.clients6.google.com
574,tps.doubleverify.com
575,ecn.dev.virtualearth.net
576,chromewebstore.googleapis.com
577,33across.com
578,westus.cloudapp.azure.com
579,temu.com
580,teams-ring.msedge.net
581,wac-ring.msedge.net
582,dgw.c10r.facebook.com
583,spo-ring.msedge.net
584,dual-s-ring.msedge.net
585,web.core.windows.net
586,ms-acdc.office.com
587,ads.pubmatic.com
588,rtb.openx.net
589,wg.spotify.com
590,mqtt.c10r.facebook.com
591,drivefrontend-pa.clients6.google.com
592,spclient.wg.spotify.com
593,com.edgesuite.net
594,pinterest.com
595,ooc-g2.tm-4.office.com
596,acdc-direct.office.com
597,msidentity.com
598,amp-api-edge.apps.apple.com
599,prod-streaming-video-msn-com.akamaized.net
600,p.typekit.net
601,cc.skype.com
602,augloop.svc.cloud.microsoft
603,bidr.io
604,sync.srv.stackadapt.com
605,shell.cdn.office.net
606,tlx.3lift.com
607,wise-m.public.cdn.office.net
608,prod.bidr.io
609,360yield.com
610,z13.web.core.windows.net
611,centralus.cloudapp.azure.com
612,cl3.apple.com
613,tiktok.com
614,officewhatsnew.z13.web.core.windows.net
615,firebase-settings.crashlytics.com
616,match.sharethrough.com
617,fls.doubleclick.net
618,setup.icloud.com
619,deff.nelreports.net
620,play-lh.googleusercontent.com
621,lcdn-locator.apple.com
622,xy.fbcdn.net
623,clever.com
624,visualstudio.com
625,dt.adsafeprotected.com
626,www.clarity.ms
627,r.manage.microsoft.com
628,r.bing.com
629,scontent.xx.fbcdn.net
630,outlook.cloud.microsoft
631,pr-bh.ybp.yahoo.com
632,inmobi.com
633,eus.rubiconproject.com
634,amplitude.com
635,gmail.com
636,cdn.whatsapp.net
637,braze.com
638,match.prod.bidr.io
639,tiktokcdn-us.com
640,dsum-sec.casalemedia.com
641,copilot.cloud.microsoft
642,courier-push-apple.com.akadns.net
643,bugsnag.com
644,zoom.us
645,smaato.net
646,iadsdk.apple.com
647,swallow.apple.com
648,yieldmo.com
649,contextweb.com
650,usercontent.microsoft
651,api-noam.flightproxy.teams.microsoft.com
652,dns-tunnel-check.googlezip.net
653,stickyadstv.com
654,gspe1-ssl.ls.apple.com
655,prod-lt-playstoregatewayadapter-pa.googleapis.com
656,clients2.googleusercontent.com
657,indexww.com
658,sentinelone.net
659,atm-fp-direct.office.com
660,teams.nel.measure.office.net
661,omtrdc.net
662,ads.yieldmo.com
663,teams-ring-fallback.msedge.net
664,wac-ring-fallback.msedge.net
665,dual-s-ring-fallback.msedge.net
666,fbs.smoot.apple.com
667,spov-ring-fallback.msedge.net
668,exp-tas.com
669,default.exp-tas.com
670,connectivity-test.usercontent.microsoft
671,ads.stickyadstv.com
672,connectivity-test.static.microsoft
673,eastus2.cloudapp.azure.com
674,connectivity-test.cloud.microsoft
675,chat.google.com
676,zemanta.com
677,playstoregatewayadapter-pa.googleapis.com
678,attachments.office.net
679,dscw154.akamai.net
680,myanalytics.cdn.office.net
681,agave.myanalytics.cdn.office.net
682,graph-next.fp.measure.office.com
683,aps.amazon-adsystem.com
684,image8.pubmatic.com
685,webex.com
686,oauth2.googleapis.com
687,gateway.instagram.com
688,gs-loc-new.ls-apple.com.akadns.net
689,aws.api.snapchat.com
690,spo.nel.measure.office.net
691,ohttp-relay1.fastly-edge.com
692,bh.contextweb.com
693,ipv4probe.office.com
694,tr-ssc-mira.office.com
695,mso.msidentity.com
696,privacy-gateway.cloudflare.com
697,login.mso.msidentity.com
698,inappcheck.itunes.apple.com
699,ad.smaato.net
700,b1sync.zemanta.com
701,sandbox.itunes.apple.com
702,cloud.netflix.com
703,prod.cloud.netflix.com
704,services.visualstudio.com
705,dns.opendns.com
706,xz.fbcdn.net
707,armmf.adobe.com
708,dns.umbrella.com
709,sitescout.com
710,www.temu.com
711,checkappexec.microsoft.com
712,reddit.com
713,grammarly.com
714,api.smoot.apple.com
715,rapid7.com
716,www.linkedin.com
717,ssbsync.smartadserver.com
718,tiktokv.com
719,fundingchoicesmessages.google.com
720,dc.services.visualstudio.com
721,c1.adform.net
722,go-mpulse.net
723,www.amazon.com
724,z-p42-chat-e2ee-ig.facebook.com
725,push-apple.com.akadns.net
726,s.ad.smaato.net
727,geover.prod.do.dsp.mp.microsoft.com
728,ingress.rapid7.com
729,endpoint.ingress.rapid7.com
730,trustarc.com
731,config.aps.amazon-adsystem.com
732,rtb-csync.smartadserver.com
733,pixel-sync.sitescout.com
734,gcp.api.snapchat.com
735,fontawesome.com
736,acdn.adnxs.com
737,tiktokcdn.com
738,u.openx.net
739,msauth.net
740,js-sec.indexww.com
741,teads.tv
742,contextual.media.net
743,a-mo.net
744,mixpanel.com
745,opera.com
746,relay.teams.microsoft.com
747,oauth.officeapps.live.com
748,amcdn.msftauth.net
749,android.apis.google.com
750,criteo.net
751,goguardian.com
752,js-agent.newrelic.com
753,cloudsink.net
754,wikipedia.com
755,hackaday.com
756,espressif.com
757,strln.net
758,esxdos.org
759,yellowblue.io
760,aks-prod-eastus.access-point.cloudmessaging.edge.microsoft.com
761,pki.strln.net
762,cagenerator.pki.strln.net
763,crl.prod.cagenerator.pki.strln.net
764,prod.cagenerator.pki.strln.net
765,dis.criteo.com
766,simpli.fi
767,static.adsafeprotected.com
768,meetings.googleapis.com
769,calendar.google.com
770,lh7-rt.googleusercontent.com
771,ap.lijit.com
772,id.rlcdn.com
773,me.apple-dns.net
774,giphy.com
775,grammarly.io
776,tremorhub.com
777,unpkg.com
778,displaycatalog.mp.microsoft.com
779,iphone-ld.origin-apple.com.akadns.net
780,dscg.akamaiedge.net
781,b1sync.outbrain.com
782,prebid.a-mo.net
783,branch.io
784,gsa.apple.com
785,apple-cloudkit.com
786,api.apple-cloudkit.com
787,pinimg.com
788,analytics.tiktok.com
789,flashtalking.com
790,rfihub.com
791,1-courier.push.apple.com
792,apps.mzstatic.com
793,onetag-sys.com
794,trc.taboola.com
795,guzzoni-apple-com.v.aaplimg.com
796,pixel.adsafeprotected.com
797,sync-tm.everesttech.net
798,dscapi9.akamai.net
799,geller-pa.googleapis.com
800,waconatm.officeapps.live.com
801,ad.360yield.com
802,gspe19-ssl.ls.apple.com
803,imap.gmail.com
804,femetrics.grammarly.io
805,edge.digicert.com
806,minerva.devices.a2z.com
807,prod.service.minerva.devices.a2z.com
808,service.minerva.devices.a2z.com
809,waconafd.officeapps.live.com
810,bootstrapcdn.com
811,cdn.id5-sync.com
812,us-east1-aws.api.snapchat.com
813,ad.turn.com
814,sc-cdn.net
815,us-east-1.prod.service.minerva.devices.a2z.com
816,d.agkn.com
817,pippio.com
818,e6858.dsce9.akamaiedge.net
819,tiktokv.us
820,c.go-mpulse.net
821,com.cdn.cloudflare.net
822,unagi-na.amazon.com
823,pushnp.svc.ms
824,unrulymedia.com
825,targeting.unrulymedia.com
826,aadcdn.msauth.net
827,aadcdn.msftauth.net
828,image6.pubmatic.com
829,aws-proxy-gcp.api.snapchat.com
830,stripe.com
831,gs-loc.ls-apple.com.akadns.net
832,drive-thirdparty.googleusercontent.com
833,app.launchdarkly.com
834,yimg.com
835,gumgum.com
836,um.simpli.fi
837,csp.microsoft.com
838,notify.adobe.io
839,s.yimg.com
840,mobile.launchdarkly.com
841,collegeboard.org
842,peoplestack-pa.googleapis.com
843,ipredictive.com
844,classroom.google.com
845,noam.cc.skype.com
846,p.rfihub.com
847,time-a.nist.gov
848,he.net
849,wbx2.com
850,fna.fbcdn.net
851,loopme.me
852,location.live.net
853,gsp64-ssl.ls.apple.com
854,excel-telemetry.officeapps.live.com
855,ipv6.msftconnecttest.com
856,entitlements.itunes.apple.com
857,cosmic.office.net
858,csync.loopme.me
859,eu-mobile.events.data.microsoft.com
860,cms.quantserve.com
861,mail-ads.google.com
862,fmt.he.net
863,clock.fmt.he.net
864,storequality.microsoft.com
865,storecatalogrevocation.storequality.microsoft.com
866,dns.google
867,amazontrust.com
868,jquery.com
869,code.jquery.com
870,winatp-gw-eus.microsoft.com
871,usc-collabrtc.officeapps.live.com
872,lh6.googleusercontent.com
873,servedby.flashtalking.com
874,wise.public.cdn.office.net
875,accountcapabilities-pa.googleapis.com
876,postrelease.com
877,inference.location.live.net
878,c10r.instagram.com
879,taskassist-pa.googleapis.com
880,qualtrics.com
881,truste.com
882,sonobi.com
883,go.sonobi.com
884,time-b.nist.gov
885,ocsp.edge.digicert.com
886,adx.opera.com
887,appsforoffice.microsoft.com
888,app-analytics-v2.snapchat.com
889,safebrowsingohttpgateway.googleapis.com
890,beacons2.gvt2.com
891,admanmedia.com
892,discover-pa.googleapis.com
893,spot-pa.googleapis.com
894,aptrinsic.com
895,cloudsearch.googleapis.com
896,prebid-server.rubiconproject.com
897,cornell.edu
898,test-gateway.instagram.com
899,mozilla.com
900,gsas.apple.com
901,services.mozilla.com
902,cs.admanmedia.com
903,us-central1-gcp.api.snapchat.com
904,image2.pubmatic.com
905,ssp-sync.criteo.com
906,connatix.com
907,classlink.com
908,treatment.grammarly.com
909,gnar.grammarly.com
910,ntp0.cornell.edu
911,static.xx.fbcdn.net
912,chatgpt.com
913,events.launchdarkly.com
914,com.edgekey.net
915,siteintercept.qualtrics.com
916,sessions.bugsnag.com
917,snap.licdn.com
918,typekit.com
919,sync.crwdcntrl.net
920,acroipm2.adobe.com
921,t.adx.opera.com
922,ssc-cms.33across.com
923,company-target.com
924,history.google.com
925,mfadsrvr.com
926,appsgenaiserver-pa.clients6.google.com
927,weather.microsoft.com
928,sync.ipredictive.com
929,deepintent.com
930,live.com.akadns.net
931,choices.trustarc.com
932,smp-device-content.apple.com
933,unity3d.com
934,cs.media.net
935,polka.typekit.com
936,cp601.prod.do.dsp.mp.microsoft.com
937,choices.truste.com
938,ce.lijit.com
939,optimizely.com
940,eu-1-id5-sync.com
941,inquisition.goguardian.com
942,lh5.googleusercontent.com
943,tile-service.weather.microsoft.com
944,jadserve.postrelease.com
945,fa000000110.resources.office.net
946,cf-st.sc-cdn.net
947,capi.connatix.com
948,hotjar.com
949,star-mini.c10r.facebook.com
950,gsp10-ssl.apple.com
951,match.deepintent.com
952,tr.snapchat.com
953,rewardsplatform.microsoft.com
954,ent-nfc-api.msn.com
955,lh4.googleusercontent.com
956,valid.apple.com
957,admin.microsoft.com
958,instagram.c10r.instagram.com
959,sync.go.sonobi.com
960,prod.rewardsplatform.microsoft.com
961,rp.liadm.com
962,query.ess.apple.com
963,ip.goguardian.com
964,countvoncount.goguardian.com
965,firebaselogging.googleapis.com
966,static.criteo.net
967,ssl-images-amazon.com
968,media.licdn.com
969,android.com
970,app.snapchat.com
971,imrworldwide.com
972,rtb.mfadsrvr.com
973,edge-itunes-apple.com.akadns.net
974,com.trafficmanager.net
975,intentiq.com
976,translate.googleapis.com
977,rtb0.doubleverify.com
978,instructure.com
979,fp.msedge.net
980,www.cisco.com
981,apple.com.edgesuite.net
982,w55c.net
983,auth.grammarly.com
984,insight.adsrvr.org
985,btloader.com
986,mathtag.com
987,simage2.pubmatic.com
988,fallback.c10r.facebook.com
989,lb.eu-1-id5-sync.com
990,lb-apple.com.akadns.net
991,fw.adsafeprotected.com
992,dscd.akamai.net
993,netcts.cdn-apple.com
994,dscb.akamaiedge.net
995,cdn.optimizely.com
996,ibyteimg.com
997,cdn.taboola.com
998,api.rlcdn.com
999,au.download.windowsupdate.com
1000,snat.goguardian.com
1001,static.hotjar.com
1002,identity.nel.measure.office.net
1003,clientstream.launchdarkly.com
1004,ct.pinterest.com
1005,redditstatic.com
1006,www.redditstatic.com
1007,omnitagjs.com
1008,mzstorekit.itunes.apple.com
1009,images-na.ssl-images-amazon.com
1010,meraki.com
1011,usc1-gcp-v62.api.snapchat.com
1012,msftstatic.com
1013,r.msftstatic.com
1014,presage.io
1015,us.sentry.io
1016,nrdp.prod.cloud.netflix.com
1017,ingest.us.sentry.io
1018,app.collegeboard.org
1019,mozilla.org
1020,weather.com
1021,bluebook.app.collegeboard.org
1022,app-site-association.cdn-apple.com
1023,3gppnetwork.org
1024,geo2.adobe.com
1025,pub.3gppnetwork.org
1026,pusher.com
1027,samsung.com
1028,worldaz.relay.teams.microsoft.com
1029,extension.grammarly.com
1030,config.extension.grammarly.com
1031,mobile.pipe.aria.microsoft.com
1032,adkernel.com
1033,sandbox.push.apple.com
1034,aax-us-east.amazon-adsystem.com
1035,xp.itunes-apple.com.akadns.net
1036,enduser.adsrvr.org
1037,msh.amazon.com
1038,time.android.com
1039,prebid.media.net
1040,ts.amazon-adsystem.com
1041,p13n.adobe.io
1042,s.pinimg.com
1043,cdn.branch.io
1044,o.pki.goog
1045,data.trafficmanager.net
1046,nexus.officeapps.live.com
1047,us.criteo.com
1048,quiddity.goguardian.com
1049,tenable.com
1050,adobelogin.com
1051,waluigi.goguardian.com
1052,ad-delivery.net
1053,api.endpoint.ingress.rapid7.com
1054,kargo.com
1055,pbs.yahoo.com
1056,btlr.sharethrough.com
1057,life360.com
1058,bttrack.com
1059,microsoftazuread-sso.com
1060,autologon.microsoftazuread-sso.com
1061,mookie1.com
1062,cloud.tenable.com
1063,safebrowsing-proxy.g.aaplimg.com
1064,js.stripe.com
1065,eyeota.net
1066,ps.eyeota.net
1067,ab.chatgpt.com
1068,sync.taboola.com
1069,tags.crwdcntrl.net
1070,is1-ssl.mzstatic.com
1071,alb.reddit.com
1072,events.data.trafficmanager.net
1073,api2.amplitude.com
1074,extension.femetrics.grammarly.io
1075,elb.us-east-1.amazonaws.com
1076,bolt-gcdn.sc-cdn.net
1077,m.stripe.com
1078,chat-e2ee-mini.facebook.com
1079,verisign.com
1080,mesu.g.aaplimg.com
1081,amp-api.apps.apple.com
1082,weatherkit.apple.com.akadns.net
1083,exelator.com
1084,axp.amazon-adsystem.com
1085,sync.intentiq.com
1086,1-courier.sandbox.push.apple.com
1087,sync.mathtag.com
1088,dsct.akamaiedge.net
1089,applicationinsights.azure.com
1090,d.turn.com
1091,ms-cookie-sync.presage.io
1092,oneocsp.microsoft.com
1093,secure-assets.rubiconproject.com
1094,cd.akamaiedge.net
1095,in.applicationinsights.azure.com
1096,bcp.crwdcntrl.net
1097,grid-bidder.criteo.com
1098,api.apple-cloudkit.fe2.apple-dns.net
1099,apple-cloudkit.fe2.apple-dns.net
1100,dsca.akamaiedge.net
1101,cp501.prod.do.dsp.mp.microsoft.com
1102,s.youtube.com
1103,dns.apple.com
1104,doh.dns.apple.com
1105,templates.cdn.office.net
1106,amp-api-edge-lb.itunes-apple.com.akadns.net
1107,e17437.dsct.akamaiedge.net
1108,settings.services.mozilla.com
1109,firefox.settings.services.mozilla.com
1110,sensor.cloud.tenable.com
1111,login5.spotify.com
1112,cdn.flashtalking.com
1113,star.fallback.c10r.facebook.com
1114,sync.outbrain.com
1115,ssl.google-analytics.com
1116,analytics.twitter.com
1117,api.weather.com
1118,sync.inmobi.com
1119,aax-eu.amazon-adsystem.com
1120,sync.adkernel.com
1121,e3913.cd.akamaiedge.net
1122,pixel.quantserve.com
1123,cdn-icloud-content.g.aaplimg.com
1124,adentifi.com
1125,eu-office.events.data.microsoft.com
1126,assets.clever.com
1127,richaudience.com
1128,z-m-gateway.facebook.com
1129,config.edge.skype.com.trafficmanager.net
1130,edge.skype.com.trafficmanager.net
1131,skype.com.trafficmanager.net
1132,ioc-gw-prod-us-1b.sentinelone.net
1133,ioc-gw-prod-us-1a.sentinelone.net
1134,api.btloader.com
1135,us-east4-gcp.api.snapchat.com
1136,translate.google.com
1137,rtb.adentifi.com
1138,okta.com
1139,cp801.prod.do.dsp.mp.microsoft.com
1140,namequery.com
1141,configuration.apple.com.akadns.net
1142,tt.omtrdc.net
1143,scontent.cdninstagram.com
1144,sync.targeting.unrulymedia.com
1145,applovin.com
1146,t.co
1147,1.courier-push-apple.com.akadns.net
1148,ads-twitter.com
1149,static.ads-twitter.com
1150,p16-pu-sign-useast8.tiktokcdn-us.com
1151,trafficshaping.dsp.mp.microsoft.com
1152,tsfe.trafficshaping.dsp.mp.microsoft.com
1153,ls.apple.com.edgesuite.net
1154,ssl.com
1155,capi.grammarly.com
1156,stocks-data-service.apple.com
1157,oec16-normal-useast5.tiktokv.us
1158,script.ac
1159,privatelink.msidentity.com
1160,f-log-extension.grammarly.io
1161,scdn.co
1162,thrtle.com
1163,store.microsoft.com
1164,pti.store.microsoft.com
1165,forms.office.com
1166,contacts.fe2.apple-dns.net
1167,stripe.network
1168,crashlyticsreports-pa.googleapis.com
1169,metadata.templates.cdn.office.net
1170,m.stripe.network
1171,services.adobe.com
1172,a.akamaiedge.net
1173,sc-static.net
1174,firestore.googleapis.com
1175,recaptcha.net
1176,mozilla.net
1177,partners.tremorhub.com
1178,datadoghq-browser-agent.com
1179,www.datadoghq-browser-agent.com
1180,aefd.nelreports.net
1181,cdn.mozilla.net
1182,launchpad.classlink.com
1183,chat.cdn.whatsapp.net
1184,edge.e2ro.com
1185,g2.spotify.com
1186,ad-events.flashtalking.com
1187,dscgi3.akamai.net
1188,st.pubmatic.com
1189,fastclick.net
1190,maxcdn.bootstrapcdn.com
1191,sync.richaudience.com
1192,chat-e2ee.facebook.com
1193,cdn.fastclick.net
1194,secure.cdn.fastclick.net
1195,ce.apple-dns.net
1196,dv.tech
1197,lcs-cops.adobe.io
1198,sstats.adobe.com
1199,walkme.com
1200,sync.smartadserver.com
1201,crl.verisign.com
1202,translate-pa.googleapis.com
1203,azure-devices.net
1204,disqus.com
1205,lbs.eu-1-id5-sync.com
1206,oec19-normal-useast5.tiktokv.us
1207,privacymanager.io
1208,image4.pubmatic.com
1209,fls-na.amazon.com
1210,dell.com
1211,www.recaptcha.net
1212,a1931.dscgi3.akamai.net
1213,eu-v20.events.data.microsoft.com
1214,appsflyer.com
1215,vtrk.dv.tech
1216,client-api.itunes.apple.com
1217,c.clarity.ms
1218,c2r.ts.cdn.office.net
1219,ts.cdn.office.net
1220,ims-prod06.adobelogin.com
1221,dc-api.adobe.io
1222,googleads4.g.doubleclick.net
1223,cdn-ima.33across.com
1224,excelonline.nel.measure.office.net
1225,api.mixpanel.com
1226,s.mzstatic.com
1227,arcus-uswest.amazon.com
1228,use.fontawesome.com
1229,mask-api.fe2.apple-dns.net
1230,cootlogix.com
1231,instantmessaging-pa.googleapis.com
1232,dscx.akamaiedge.net
1233,js.adsrvr.org
1234,tribalfusion.com
1235,eeroup.com
1236,bfmio.com
1237,quantcount.com
1238,ipcdn.apple.com
1239,globalsign.com
1240,securetoken.googleapis.com
1241,main.endpoint.ingress.rapid7.com
1242,enterpriseregistration.windows.net
1243,idx.liadm.com
1244,npwuscdn-onenote.azureedge.net
1245,tr-ooc-atm.office.com
1246,f.c2r.ts.cdn.office.net
1247,intercom.io
1248,me.com
1249,a.tribalfusion.com
1250,www.instagram.com
1251,ls.v.aaplimg.com
1252,security.microsoft.com
1253,mail.me.com
1254,configuration.ls.v.aaplimg.com
1255,momentohq.com
1256,a.momentohq.com
1257,prod.a.momentohq.com
1258,gvt3.com
1259,beacons5.gvt3.com
1260,cl4.apple.com
1261,cache.cell-2-us-west-2-1.prod.a.momentohq.com
1262,cell-2-us-west-2-1.prod.a.momentohq.com
1263,api.cache.cell-2-us-west-2-1.prod.a.momentohq.com
1264,us.main.endpoint.ingress.rapid7.com
1265,chat-e2ee-ig-p42.c10r.facebook.com
1266,myapps.classlink.com
1267,direct.adsrvr.org
1268,crb.kargo.com
1269,bluekai.com
1270,sync.bfmio.com
1271,us-east-2.amazonaws.com
1272,ftstatic.com
1273,tr6.snapchat.com
1274,amd-infra.itunes.apple.com
1275,mail.yahoo.com
1276,publicassets.cdn-apple.com
1277,a9.amazon.dev
1278,adsqtungsten.a9.amazon.dev
1279,aniview.com
1280,segment.io
1281,sectigo.com
1282,endpoint.security.microsoft.com
1283,prebid.adnxs.com
1284,kinesisvideo.us-west-2.amazonaws.com
1285,sc-gw.com
1286,usertrust.com
1287,samsungcloud.com
1288,content-signature-2.cdn.mozilla.net
1289,duplex.snapchat.com
1290,aws.duplex.snapchat.com
1291,script.hotjar.com
1292,api.segment.io
1293,ad.gt
1294,o.lencr.org
1295,px-cloud.net
1296,odr.mookie1.com
1297,agen-assets.ftstatic.com
1298,api.sc-gw.com
1299,vast.doubleverify.com
1300,roaming1.live.com.akadns.net
1301,cm.adform.net
1302,force.com
1303,gcdn.2mdn.net
1304,c.2mdn.net
1305,sc.omtrdc.net
1306,a13lrv2jf2efa0-ats.iot.us-west-2.amazonaws.com
1307,adjust.com
1308,tr-ooc-acdc.office.com
1309,bootstrap.endpoint.ingress.rapid7.com
1310,cdn-apple.com.akadns.net
1311,seedtag.com
1312,watson.events.data.microsoft.com
1313,dl.google.com
1314,spotifycdn.com
1315,p16-sign.tiktokcdn-us.com
1316,p19-oec-va.ibyteimg.com
1317,tynt.com
1318,g.akamaiedge.net
1319,platinumai.net
1320,tm-sdk.platinumai.net
1321,ic3.events.data.microsoft.com
1322,tiqcdn.com
1323,ep2.facebook.com
1324,s.seedtag.com
1325,whatsapp.com
1326,ad.cpe.dotomi.com
1327,cpe.dotomi.com
1328,tags.tiqcdn.com
1329,mozgcp.net
1330,redirector.googlevideo.com
1331,cstat.cdn-apple.com
1332,segment.com
1333,duosecurity.com
1334,apresolve.spotify.com
1335,de.tynt.com
1336,aadg.akadns.net
1337,cs-server-s2s.yellowblue.io
1338,gsp10-ssl.ls.apple.com
1339,prd.aadg.akadns.net
1340,functional.events.data.microsoft.com
1341,acuityplatform.com
1342,chartbeat.net
1343,pm.w55c.net
1344,dns-finder.com
1345,ag.dns-finder.com
1346,nrdp52-appboot.netflix.com
1347,visitor.omnitagjs.com
1348,rkdms.com
1349,rqtrk.eu
1350,sharepointonline.com
1351,telemetry.mozilla.org
1352,incoming.telemetry.mozilla.org
1353,rtb.gumgum.com
1354,b-graph.facebook.com
1355,p19-oec-ttp.tiktokcdn-us.com
1356,tpsc-ue1.doubleverify.com
1357,ssp.disqus.com
1358,credentials.iot.us-west-2.amazonaws.com
1359,grid.bidswitch.net
1360,courier-sandbox-push-apple.com.akadns.net
1361,tq-tungsten.com
1362,1d.tlu.dl.delivery.mp.microsoft.com
1363,a.prd.aadg.akadns.net
1364,kt-prod.v.aaplimg.com
1365,krxd.net
1366,na.adsqtungsten.a9.amazon.dev
1367,prod.na.adsqtungsten.a9.amazon.dev
1368,tungsten-service.prod.na.adsqtungsten.a9.amazon.dev
1369,c1ybkrkbr1j10x.credentials.iot.us-west-2.amazonaws.com
1370,1.courier-sandbox-push-apple.com.akadns.net
1371,dsum.casalemedia.com
1372,bid.g.doubleclick.net
1373,rezync.com
1374,live.rezync.com
1375,goldengate.grammarly.com
1376,inscloudgate.net
1377,a2030.dscapi9.akamai.net
1378,api16-normal-useast5.tiktokv.us
1379,bidder.criteo.com
1380,health.apple.com
1381,clarium.io
1382,lexicon.33across.com
1383,protected-by.clarium.io
1384,musicstatus.itunes.apple.com
1385,cdn.walkme.com
1386,apis.classlink.com
1387,ocsps.ssl.com
1388,pd.itunes.apple.com
1389,i.scdn.co
1390,acrobat.adobe.com
1391,westeurope.cloudapp.azure.com
1392,citrix.com
1393,prod.roaming1.live.com.akadns.net
1394,pkicvs.cisco.com
1395,adobess.com
1396,s.company-target.com
1397,voilatile-pa.googleapis.com
1398,readaloud.googleapis.com
1399,tzm.px-cloud.net
1400,p19-pu-sign-useast8.tiktokcdn-us.com
1401,account.samsung.com
1402,insops.net
1403,sentry.insops.net
1404,push.services.mozilla.com
1405,semasio.net
1406,twimg.com
1407,onedrive.live.com
1408,microsoft.us
1409,wt.rqtrk.eu
1410,rupload.facebook.com
1411,addons-pa.googleapis.com
1412,sb-ssl.google.com
1413,beacon-iad2.rubiconproject.com
1414,panther.goguardian.com
1415,nflxso.net
1416,g2.gumgum.com
1417,cs.yellowblue.io
1418,infra.webex.com
1419,webservices.mozgcp.net
1420,prod.webservices.mozgcp.net
1421,setup.fe2.apple-dns.net
1422,cloudinary.com
1423,api.account.samsung.com
1424,gravatar.com
1425,prod.infra.webex.com
1426,trustedstack.com
1427,slack.com
1428,e3528.dscg.akamaiedge.net
1429,meet.google.com
1430,arcticwolf.net
1431,playatoms-pa.googleapis.com
1432,northeurope.cloudapp.azure.com
1433,sq-tungsten-ts.amazon-adsystem.com
1434,ak.privatelink.msidentity.com
1435,spotxchange.com
1436,hb.trustedstack.com
1437,search.spotxchange.com
1438,btd-cmh.tq-tungsten.com
1439,www.btd-cmh.tq-tungsten.com
1440,rt.applovin.com
1441,edgeassetservice.azureedge.net
1442,adgrx.com
1443,qualys.com
1444,europe.cp.wd.microsoft.com
1445,myapps.apis.classlink.com
1446,usersub-a.wbx2.com
1447,global.fastly.net
1448,apps.qualys.com
1449,locus-a.wbx2.com
1450,pcms.apple.com
1451,ipify.org
1452,sync.search.spotxchange.com
1453,printercloud.com
1454,lenovo.com
1455,img.youtube.com
1456,segments.company-target.com
1457,sync.teads.tv
1458,ums.acuityplatform.com
1459,taskassist-pa.clients6.google.com
1460,pixel-us-east.rubiconproject.com
1461,lb.indexww.com
1462,whoami.akamai.net
1463,innovid.com
1464,1.nflxso.net
1465,bdec.microsoft.com
1466,core.bdec.microsoft.com
1467,canva.com
1468,dit.whatsapp.net
1469,media1.giphy.com
1470,footprintdns.com
1471,secure.quantserve.com
1472,europe.smartscreen.microsoft.com
1473,fp-us-att.rcs.telephony.goog
1474,mobile.events.data.trafficmanager.net
1475,pubsub.googleapis.com
1476,ispot.tv
1477,gpi3.life360.com
1478,hb.yellowblue.io
1479,appier.net
1480,b.akamaiedge.net
1481,cacerts.digicert.com
1482,unagi.amazon.com
1483,c.appier.net
1484,p19-sign.tiktokcdn-us.com
1485,m.adnxs.com
1486,uipglob.semasio.net
1487,www.adobe.com
1488,undertone.com
1489,feedback-pa.clients6.google.com
1490,search.namequery.com
1491,confiant-integrations.net
1492,cdn.confiant-integrations.net
1493,notify.bugsnag.com
1494,amazonalexa.com
1495,net.akadns.net
1496,in.grammarly.com
1497,iad-01.braze.com
1498,z01.azurefd.net
1499,yandex.ru
1500,server.events.data.microsoft.com
1501,usercontent.google.com
1502,s-microsoft.com
1503,deviceintegritytokens-pa.googleapis.com
1504,jamfcloud.com
1505,s.go-mpulse.net
1506,adobedc.net
1507,datadog.pool.ntp.org
1508,ai-asm-api.wyzecam.com
1509,hadron.ad.gt
1510,hadronid.net
1511,cdn.hadronid.net
1512,ml314.com
1513,media0.giphy.com
1514,dscd.akamaiedge.net
1515,a.ad.gt
1516,tm.a.prd.aadg.akadns.net
1517,www.tm.a.prd.aadg.akadns.net
1518,bing.net
1519,classlink.io
1520,cm.everesttech.net
1521,godaddy.com
1522,iphone.life360.com
1523,adblockplus.org
1524,x3-predictor.goguardian.com
1525,api2.branch.io
1526,easylist-downloads.adblockplus.org
1527,mgid.com
1528,vungle.com
1529,kinesis.us-east-1.amazonaws.com
1530,ajs-assets.ftstatic.com
1531,sp.analytics.yahoo.com
1532,ess-apple.com.akadns.net
1533,media4.giphy.com
1534,remote-settings.prod.webservices.mozgcp.net
1535,prod.remote-settings.prod.webservices.mozgcp.net
1536,3px.axp.amazon-adsystem.com
1537,logx.optimizely.com
1538,fa000000043.resources.office.net
1539,cds.apple.com
1540,rtactivate.com
1541,ax-msedge.net
1542,ontology.health.apple.com
1543,mediago.io
1544,ping.chartbeat.net
1545,sdk.iad-01.braze.com
1546,pull-f5-tt02.tiktokcdn-us.com
1547,pull-f5-tt01.tiktokcdn-us.com
1548,ads.vungle.com
1549,searchnotifications-pa.googleapis.com
1550,fp-us-verizon.rcs.telephony.goog
1551,crl4.digicert.com
1552,kueezrtb.com
1553,cdn.classlink.com
1554,secure.netflix.com
1555,l.googleusercontent.com
1556,primis.tech
1557,usc-excel.officeapps.live.com
1558,office.akadns.net
1559,media2.giphy.com
1560,yahoodns.net
1561,config.office.akadns.net
1562,m.facebook.com
1563,wps.v.aaplimg.com
1564,pull-f5-va01.tiktokcdn-us.com
1565,pull-f5-tt04.tiktokcdn-us.com
1566,pbs.twimg.com
1567,ipv6.microsoft.com
1568,loadus.exelator.com
1569,uksouth.cloudapp.azure.com
1570,intel.com
1571,ids.ad.gt
1572,wdcp.microsoft.com
1573,unified.adsafeprotected.com
1574,pus5-collabhubrtc.officeapps.live.com
1575,pancake.cdn-apple.com.akadns.net
1576,mail-attachment.googleusercontent.com
1577,www.canva.com
1578,beacon.krxd.net
1579,microsoftpersonalcontent.com
1580,b.akamai.net
1581,my.microsoftpersonalcontent.com
1582,pull-q5-va01.tiktokcdn-us.com
1583,ocsp.sectigo.com
1584,pull-w5-va01.tiktokcdn-us.com
1585,turing-writingassistance.edge.microsoft.com
1586,footprints-pa.googleapis.com
1587,dgw-ig.c10r.facebook.com
1588,live.primis.tech
1589,sync.cootlogix.com
1590,p16-sign-sg.tiktokcdn.com
1591,onesignal.com
1592,pull-flv-f77-tt01.tiktokcdn-us.com
1593,x3-policy-maker.goguardian.com
1594,snapkit.com
1595,pull-flv-f77-tt02.tiktokcdn-us.com
1596,winatp-gw-cus.microsoft.com
1597,clients.config.office.akadns.net
1598,ats-wrapper.privacymanager.io
1599,usc1-gcp-v61.api.snapchat.com
1600,apheleia-a.wbx2.com
1601,cadmus2.script.ac
1602,na01.safelinks.protection.outlook.com
1603,weather-data.apple.com
1604,minutemedia-prebid.com
1605,rules.quantcount.com
1606,inst-fs-iad-prod.inscloudgate.net
1607,time.google.com
1608,officecdn.microsoft.com
1609,beta.clever.com
1610,pulse-event-service.beta.clever.com
1611,images.taboola.com
1612,tpsc-video-ue.doubleverify.com
1613,analytics-log.classlink.io
1614,pus8-collabhubrtc.officeapps.live.com
1615,pptservicescast.officeapps.live.com
1616,us.endpoint.security.microsoft.com
1617,d9.flashtalking.com
1618,suggestqueries.google.com
1619,amplitude.life360.com
1620,media3.giphy.com
1621,cl3-cdn.origin-apple.com.akadns.net
1622,relay-iad.sentry.insops.net
1623,collabrtc.officeapps.live.com
1624,paa-reporting-advertising.amazon
1625,ara.paa-reporting-advertising.amazon
1626,tags.bluekai.com
1627,mamservice.manage.microsoft.com
1628,i.w55c.net
1629,stocks-data-service.lb-apple.com.akadns.net
1630,sni.global.fastly.net
1631,id.hadron.ad.gt
1632,appsitemsuggest-pa.googleapis.com
1633,us.api.endpoint.ingress.rapid7.com
1634,pull-flv-f77-tt04.tiktokcdn-us.com
1635,ws-goguardian.pusher.com
1636,esp-us2.aptrinsic.com
1637,analytics-events.apis.classlink.com
1638,api-global.netflix.com
1639,nexus-websocket-a.intercom.io
1640,dsp.360yield.com
1641,youtube.googleapis.com
1642,stun.l.google.com
1643,onedrive.com
1644,insightexpressai.com
1645,api.snapkit.com
1646,secure.insightexpressai.com
1647,bpi.rtactivate.com
1648,cdn77.org
1649,platform.twitter.com
1650,gdmf.v.aaplimg.com
1651,fullstory.com
1652,array510.prod.do.dsp.mp.microsoft.com
1653,a1744.dscw154.akamai.net
1654,ocsp2.globalsign.com
1655,teams.trafficmanager.net
1656,pull-flv-f77-va01.tiktokcdn-us.com
1657,online-metrix.net
1658,pixel-config.reddit.com
1659,filescdn.classlink.com
1660,acrobat.com
1661,teams.office.com
1662,drive.usercontent.google.com
1663,usersync.gumgum.com
1664,ids4.ad.gt
1665,content-storage-upload.googleapis.com
1666,ms.applovin.com
1667,static2.sharepointonline.com
1668,salesforce.com
1669,firebaseremoteconfigrealtime.googleapis.com
1670,cognitivlabs.com
1671,beacon.lynx.cognitivlabs.com
1672,lynx.cognitivlabs.com
1673,iqm.com
1674,salesforceliveagent.com
1675,pxl.iqm.com
1676,geo.clients.config.office.akadns.net
1677,api.onedrive.com
1678,mesu-cdn.apple.com.akadns.net
1679,mxptint.net
1680,gateway-asset.icloud-content.com
1681,msua06.manage.microsoft.com
1682,krushmedia.com
1683,api.ipify.org
1684,dropbox.com
1685,adition.com
1686,ls2-apple.com.akadns.net
1687,mdav.us.endpoint.security.microsoft.com
1688,ext-models-prod.s3.us-west-2.amazonaws.com
1689,a-mx.com
1690,id.a-mx.com
1691,adfarm1.adition.com
1692,cf.iadsdk.apple.com
1693,agents.msua06.manage.microsoft.com
1694,storygize.net
1695,ingage.tech
1696,bytedance.map.fastly.net
1697,d.akamaiedge.net
1698,eskimi.com
1699,a.teads.tv
1700,cs.krushmedia.com
1701,media6degrees.com
1702,cloud.unity3d.com
1703,ssbsync-global.smartadserver.com
1704,pixels.ad.gt
1705,mediavine.com
1706,nym2-ib.adnxs.com
1707,lf16-gecko-source.tiktokcdn.com
1708,proactivebackend-pa.googleapis.com
1709,aadg.trafficmanager.net
1710,api-js.mixpanel.com
1711,prd.aadg.trafficmanager.net
1712,p.ad.gt
1713,firebaseio.com
1714,launchpad.privacymanager.io
1715,rootca1.amazontrust.com
1716,edgeapi.slack.com
1717,pn.ybp.yahoo.com
1718,cms.analytics.yahoo.com
1719,dscr.akamai.net
1720,akstat.io
1721,a.prd.aadg.trafficmanager.net
1722,ib.3lift.com
1723,cl2.g.aaplimg.com
1724,chat-e2ee.c10r.facebook.com
1725,hubspot.com
1726,fledge.us.criteo.com
1727,hbx.media.net
1728,exchange.mediavine.com
1729,us.criteo.net
1730,aesir.office.com
1731,thor.aesir.office.com
1732,app.pendo.io
1733,e-volution.ai
1734,aa.online-metrix.net
1735,logs.ads.vungle.com
1736,w3-reporting-nel.reddit.com
1737,device-config.pcms.apple.com
1738,ittpx.eskimi.com
1739,init-p01md-lb.push-apple.com.akadns.net
1740,privacysandboxservices.com
1741,gc.apple.com
1742,blismedia.com
1743,tr.blismedia.com
1744,conv-a.wbx2.com
1745,youtube-ui.l.google.com
1746,mcc310.pub.3gppnetwork.org
1747,clearnview.com
1748,ec.walkme.com
1749,ag.innovid.com
1750,accounts.doubleclick.net
1751,geo.privacymanager.io
1752,sync.e-volution.ai
1753,spot.im
1754,mid.rkdms.com
1755,sync.clearnview.com
1756,mediation.unity3d.com
1757,samplicio.us
1758,excel.officeapps.live.com
1759,cl3.g.aaplimg.com
1760,cm.adgrx.com
1761,api.amazonalexa.com
1762,cdp.cloud.unity3d.com
1763,comodoca.com
1764,cdn.segment.com
1765,chartbeat.com
1766,disc601.prod.do.dsp.mp.microsoft.com
1767,store-images.s-microsoft.com
1768,prg.smartadserver.com
1769,dual-s-msedge.net
1770,aidemsrv.com
1771,springserve.com
1772,wp.com
1773,zendesk.com
1774,instantmessaging-pa-jms-us.googleapis.com
1775,roovza-launches.appsflyersdk.com
1776,vpaid.doubleverify.com
1777,iterable.com
1778,cdn.indexww.com
1779,i9.ytimg.com
1780,qq.com
1781,gue1-spclient.spotify.com
1782,gspe19-2-ssl.ls.apple.com.edgesuite.net
1783,upload2.fp.measure.office.com
1784,fbsbx.com
1785,star-mini.fallback.c10r.facebook.com
1786,webcast16-normal-useast5.tiktokv.us
1787,cds.taboola.com
1788,mnc260.mcc310.pub.3gppnetwork.org
1789,memex-pa.googleapis.com
1790,captive-cidr.origin-apple.com.akadns.net
1791,clouddrivecdn.classlink.com
1792,createjs.com
1793,cloudflare-dns.com
1794,code.createjs.com
1795,geo.yahoo.com
1796,clients.l.google.com
1797,content-signature-chains.prod.webservices.mozgcp.net
1798,prod.content-signature-chains.prod.webservices.mozgcp.net
1799,serverbid.com
1800,ay.delivery
1801,play.itunes.apple.com
1802,s-0005.dual-s-msedge.net
1803,urs.microsoft.com
1804,s.innovid.com
1805,dc-api-v2.adobe.io
1806,vimeo.com
1807,rtr.innovid.com
1808,array509.prod.do.dsp.mp.microsoft.com
1809,ocsp.usertrust.com
1810,unityads.unity3d.com
1811,cp-t-usw2.s3.us-west-2.amazonaws.com
1812,gsp57-ssl-locus.ls.apple.com
1813,binaries.templates.cdn.office.net
1814,slackb.com
1815,ocsp.rootca1.amazontrust.com
1816,tm.a.prd.aadg.trafficmanager.net
1817,www.tm.a.prd.aadg.trafficmanager.net
1818,yt3.googleusercontent.com
1819,api.samsungcloud.com
1820,api.iterable.com
1821,evidon.com
1822,hp.com
1823,lf-main-gecko-source.tiktokcdn.com
1824,cdn.inst-fs-iad-prod.inscloudgate.net
1825,api16-core-useast5.tiktokv.us
1826,android.pool.ntp.org
1827,ols.officeapps.live.com
1828,quantummetric.com
1829,edge-mqtt-fallback.facebook.com
1830,usc.pptservicescast.officeapps.live.com
1831,eum-appdynamics.com
1832,amp-api-edge-cdn-lb.itunes-apple.com.akadns.net
1833,telemetry.canva.com
1834,inner-active.mobi
1835,data.grammarly.com
1836,learnplatform.com
1837,audienceexposure.com
1838,g2.akamai.net
1839,adotmob.com
1840,block.opendns.com
1841,sync.adotmob.com
1842,caldav.fe2.apple-dns.net
1843,amxrtb.com
1844,samsungapps.com
1845,guc3-spclient.spotify.com
1846,jwplayer.com
1847,pus6-collabhubrtc.officeapps.live.com
1848,msecnd.net
1849,4dex.io
1850,sid.storygize.net
1851,r10.o.lencr.org
1852,onenote.net
1853,ping.citrix.com
1854,nodeapi.classlink.com
1855,cm.mgid.com
1856,ep.learnplatform.com
1857,player.aniview.com
1858,2.android.pool.ntp.org
1859,static.chartbeat.com
1860,updates.cdn-apple.com
1861,syncv4.intentiq.com
1862,inappcheck-lb.itunes-apple.com.akadns.net
1863,openwebmp.com
1864,mrtnsvr.com
1865,p16-sign-va.tiktokcdn.com
1866,vam-bid.adsrvr.org
1867,beacon.taboola.com
1868,nws.zoom.us
1869,c.evidon.com
1870,r2m02.amazontrust.com
1871,svc.webex.com
1872,diagnostics.office.com
1873,ad.mrtnsvr.com
1874,api16-normal-useast8.tiktokv.us
1875,hblg.media.net
1876,idpix.media6degrees.com
1877,array602.prod.do.dsp.mp.microsoft.com
1878,ims-na1.adobelogin.com
1879,api19-normal-useast5.tiktokv.us
1880,filedownload.lenovo.com
1881,tapestry.tapad.com
1882,events.endpoint.security.microsoft.com
1883,applications.apis.classlink.com
1884,www-apple-com.v.aaplimg.com
1885,auth.apis.classlink.com
1886,bluecava.com
1887,tesla.services
1888,vo.msecnd.net
1889,amazonvideo.com
1890,android-context-data.googleapis.com
1891,prodregistryv2.org
1892,dsp-cookie.adfarm1.adition.com
1893,adnxs.net
1894,medallia.com
1895,ocsp.comodoca.com
1896,graph.bluecava.com
1897,sync.graph.bluecava.com
1898,mobilemaps-pa-gz.googleapis.com
1899,pixel-eu.rubiconproject.com
1900,ts01-b.cloudsink.net
1901,notifications.apis.classlink.com
1902,trace.mediago.io
1903,firefox.com
1904,res-1.public.onecdn.static.microsoft
1905,r2m03.amazontrust.com
1906,media.apple.com
1907,amp-api.media.apple.com
1908,gateway.devices.a2z.com
1909,rs.fullstory.com
1910,mountain.com
1911,github.com
1912,yahoo.net
1913,array601.prod.do.dsp.mp.microsoft.com
1914,api-partner.spotify.com
1915,webcast-ws16-normal-useast5.tiktokv.us
1916,d.applovin.com
1917,resetdigital.co
1918,eastus1-mediap.svc.ms
1919,word-telemetry.officeapps.live.com
1920,api.amazonvideo.com
1921,zeotap.com
1922,fp-us-tmobile.rcs.telephony.goog
1923,dynatrace.com
1924,webcast19-normal-useast5.tiktokv.us
1925,shopify.com
1926,featureassets.org
1927,player.vimeo.com
1928,o-sdk.mediation.unity3d.com
1929,azr.footprintdns.com
1930,yandex.net
1931,a.amxrtb.com
1932,crcldu.com
1933,c21lg-d.media.net
1934,cl2-cdn.origin-apple.com.akadns.net
1935,cell.nr-data.net
1936,qsearch-a.akamaihd.net
1937,us-sandbox-courier-4.push-apple.com.akadns.net
1938,uci.cdn.office.net
1939,lens.google.com
1940,eu-teams.events.data.microsoft.com
1941,t-msedge.net
1942,msua01.manage.microsoft.com
1943,cdn2.smoot.apple.com
1944,fcmtoken.googleapis.com
1945,cloudops.mozgcp.net
1946,prod.cloudops.mozgcp.net
1947,telemetry.zoom.us
1948,us.telemetry.zoom.us
1949,adroll.com
1950,agents.msua01.manage.microsoft.com
1951,oaistatic.com
1952,brand-display.com
1953,h64.online-metrix.net
1954,cs.openwebmp.com
1955,dmp.brand-display.com
1956,sakura.goguardian.com
1957,array502.prod.do.dsp.mp.microsoft.com
1958,seg.ad.gt
1959,a1961.g2.akamai.net
1960,gcs-us-00003.content-storage-upload.googleapis.com
1961,hs-banner.com
1962,aus5.mozilla.org
1963,sync.kueezrtb.com
1964,cdn.shopify.com
1965,api19-core-useast5.tiktokv.us
1966,clean.gg
1967,i.clean.gg
1968,cdn.adnxs.com
1969,kit.fontawesome.com
1970,screencastify.com
1971,dprodmgd105.aa-rt.sharepoint.com
1972,eu-west-1.amazonaws.com
1973,pps.adobe.io
1974,svc.screencastify.com
1975,uidapi.com
1976,prod.uidapi.com
1977,0.datadog.pool.ntp.org
1978,log.svc.screencastify.com
1979,contentsquare.net
1980,betweendigital.com
1981,pps.services.adobe.com
1982,hs-analytics.net
1983,lf19-gecko-source.tiktokcdn-us.com
1984,ags.privatelink.msidentity.com
1985,array516.prod.do.dsp.mp.microsoft.com
1986,pixel.33across.com
1987,gdmf-ados.apple.com
1988,southcentralus.cloudapp.azure.com
1989,usr.undertone.com
1990,measurement-api.criteo.com
1991,iqzone.com
1992,fa000000059.resources.office.net
1993,ads.betweendigital.com
1994,beacon-nf.rubiconproject.com
1995,lookaside.facebook.com
1996,ei.rlcdn.com
1997,azure.net
1998,sophos.com
1999,shftr.adnxs.net
2000,cdn.oaistatic.com
2001,sync.aniview.com
2002,ck-ie.com
2003,g.bing.com
2004,t-0009.t-msedge.net
2005,identitytoolkit.googleapis.com
2006,init.gc.apple.com
2007,hs-scripts.com
2008,calliope-anycast.prod.infra.webex.com
2009,hicloud.com
2010,sync.resetdigital.co
2011,aes.us-east.3px.axp.amazon-adsystem.com
2012,us-east.3px.axp.amazon-adsystem.com
2013,thousandeyes.com
2014,tmc-g2.tm-4.office.com
2015,0.pool.ntp.org
2016,winatp-gw-eus3.microsoft.com
2017,me.com.akadns.net
2018,mail.me.com.akadns.net
2019,d.aa.online-metrix.net
2020,config.skype.com
2021,northcentralus.cloudapp.azure.com
2022,zdassets.com
2023,dellupdater.dell.com
2024,googlehosted.l.googleusercontent.com
2025,msua02.manage.microsoft.com
2026,l.evidon.com
2027,epc.mnc260.mcc310.pub.3gppnetwork.org
2028,epdg.epc.mnc260.mcc310.pub.3gppnetwork.org
2029,cdn.onenote.net
2030,api.twitter.com
2031,events-ssc.33across.com
2032,app.slack.com
2033,array618.prod.do.dsp.mp.microsoft.com
2034,disc801.prod.do.dsp.mp.microsoft.com
2035,us.bootstrap.endpoint.ingress.rapid7.com
2036,growth-pa.googleapis.com
2037,agents.msua02.manage.microsoft.com
2038,geoedge.be
2039,r.casalemedia.com
2040,my.salesforce.com
2041,photosdata-pa.googleapis.com
2042,colossusssp.com
2043,paypal.com
2044,cyberark.com
2045,webpkgcache.com
2046,loadm.exelator.com
2047,aws.api.sc-gw.com
2048,samsungosp.com
2049,ad-score.com
2050,videoamp.com
2051,tpsc-uw1.doubleverify.com
2052,copper6.com
2053,s-static.innovid.com
2054,mm3.akamai.net
2055,he.lijit.com
2056,iads.unity3d.com
2057,r11.o.lencr.org
2058,dscg2.akamai.net
2059,epm.cyberark.com
2060,disc501.prod.do.dsp.mp.microsoft.com
2061,vzwwo.com
2062,wo.vzwwo.com
2063,ocsp.r2m02.amazontrust.com
2064,d.adroll.com
2065,papi.walkme.com
2066,fna.whatsapp.net
2067,hydra.sophos.com
2068,gum.aidemsrv.com
2069,prod.hydra.sophos.com
2070,js.hs-banner.com
2071,aup.apis.classlink.com
2072,nrb.ybp.yahoo.com
2073,sync.colossusssp.com
2074,xgapromomanager-pa.googleapis.com
2075,weather-edge.apple.com
2076,csw.lenovo.com
2077,b.sharethrough.com
2078,sascdn.com
2079,js.hs-analytics.net
2080,o167200.ingest.sentry.io
2081,sn.tesla.services
2082,files.acrobat.com
2083,tr-ofc-atm.office.com
2084,experiments.apple.com
2085,prebid-match.dotomi.com
2086,smilewanted.com
2087,shared.officeapps.live.com
2088,ax-0001.ax-msedge.net
2089,r.stripe.com
2090,split.io
2091,downloaddispatch.itunes.apple.com
2092,lightning.force.com
2093,edge-chat.facebook.com
2094,pghub.io
2095,createpdf.acrobat.com
2096,launchpad-wrapper.privacymanager.io
2097,get-bx.g.aaplimg.com
2098,widget.intercom.io
2099,technoratimedia.com
2100,array520.prod.do.dsp.mp.microsoft.com
2101,socdm.com
2102,idp.classlink.com
2103,df.onecdn.static.microsoft
2104,webcast16-normal-useast8.tiktokv.us
2105,edge.fullstory.com
2106,dscb.akamai.net
2107,calendar-a.wbx2.com
2108,bamgrid.com
2109,api.intentiq.com
2110,detectportal.firefox.com
2111,array518.prod.do.dsp.mp.microsoft.com
2112,res.df.onecdn.static.microsoft
2113,tr-ofc-mira.office.com
2114,nextmillmedia.com
2115,web-sdk-us2.aptrinsic.com
2116,a1838.dscw154.akamai.net
2117,ocsp.r2m03.amazontrust.com
2118,e13678.dscb.akamaiedge.net
2119,msua04.manage.microsoft.com
2120,emxdgt.com
2121,array810.prod.do.dsp.mp.microsoft.com
2122,win10-trt.msedge.net
2123,roku.com
2124,b.videoamp.com
2125,relay.school
2126,agents.msua04.manage.microsoft.com
2127,brandmetrics.com
2128,geomobileservices-pa.googleapis.com
2129,syndication.twitter.com
2130,network-auth.com
2131,csync.copper6.com
2132,tg.socdm.com
2133,whats-new.apis.classlink.com
2134,gspe21-ssl.ls.apple.com
2135,ca.iadsdk.apple.com
2136,api.main.endpoint.ingress.rapid7.com
2137,us.api.main.endpoint.ingress.rapid7.com
2138,msftncsi.com.edgesuite.net
2139,api16-core-useast8.tiktokv.us
2140,r53-2.services.mozilla.com
2141,outlook.live.com
2142,dcg.microsoft.com
2143,rumcdn.geoedge.be
2144,adsmoloco.com
2145,mobileconfiguration-pa.googleapis.com
2146,na.gateway.devices.a2z.com
2147,www.msftncsi.com.edgesuite.net
2148,array517.prod.do.dsp.mp.microsoft.com
2149,supersonicads.com
2150,i6.liadm.com
2151,gcp.privacysandboxservices.com
2152,gopher-buddy-prod.appspot.com
2153,init.supersonicads.com
2154,dual-gslb.spotify.com
2155,securly.com
2156,wikipedia.org
2157,static.zdassets.com
2158,sundaysky.com
2159,tr-ofc-afdwac.office.com
2160,zdxcloud.net
2161,suggestqueries-clients6.youtube.com
2162,ocsp.godaddy.com
2163,jwpcdn.com
2164,www.reddit.com
2165,p.jwpcdn.com
2166,privacyportal.onetrust.com
2167,ssl.p.jwpcdn.com
2168,canvaslms.com
2169,array612.prod.do.dsp.mp.microsoft.com
2170,invstatic101.creativecdn.com
2171,video.twimg.com
2172,germanywestcentral.cloudapp.azure.com
2173,aax-us-iad.amazon.com
2174,simage4.pubmatic.com
2175,sso.canvaslms.com
2176,api16-core.tiktokv.com
2177,query.yahoo.com
2178,streetviewpixels-pa.googleapis.com
2179,ad.adsrvr.org
2180,i.pinimg.com
2181,adrta.com
2182,send-asr.acrobat.com
2183,track.hubspot.com
2184,heapanalytics.com
2185,array605.prod.do.dsp.mp.microsoft.com
2186,oktacdn.com
2187,api22-core.tiktokv.com
2188,ably.io
2189,createpdf-asr.acrobat.com
2190,challenges.cloudflare.com
2191,merino.services.mozilla.com
2192,tps-dn-ue1.doubleverify.com
2193,ow.pubmatic.com
2194,swallow-apple-com.v.aaplimg.com
2195,openxcdn.net
2196,exchange.kueezrtb.com
2197,singular.net
2198,presence.services.sfb.trafficmanager.net
2199,services.sfb.trafficmanager.net
2200,sfb.trafficmanager.net
2201,a1556.dscapi9.akamai.net
2202,g03.yahoodns.net
2203,us001-prod.arcticwolf.net
2204,prod.us001-prod.arcticwolf.net
2205,gcp.api.sc-gw.com
2206,adnxs-simple.com
2207,ny1-bid.adsrvr.org
2208,ae.iads.unity3d.com
2209,ext.goguardian.com
2210,us.bytedance.map.fastly.net
2211,forter.com
2212,array608.prod.do.dsp.mp.microsoft.com
2213,oa.openxcdn.net
2214,captive.g.aaplimg.com
2215,login.dotomi.com
2216,sophosupd.com
2217,pubgw.yahoo.com
2218,nf.smartscreen.microsoft.com
2219,array505.prod.do.dsp.mp.microsoft.com
2220,csync.smartadserver.com
2221,array503.prod.do.dsp.mp.microsoft.com
2222,api-iam.intercom.io
2223,configupdate-prd.sn.tesla.services
2224,vfw.amazon-adsystem.com
2225,bounceexchange.com
2226,adsdk.microsoft.com
2227,aax-us-pdx.amazon-adsystem.com
2228,rendering.sharethrough.com
2229,play.samsungcloud.com
2230,warp.media.net
2231,traffic-nts-ip-assoc.xy.fbcdn.net
2232,atm-settingsfe-prod-geo2.trafficmanager.net
2233,telemetry-incoming.r53-2.services.mozilla.com
2234,self-events-data.trafficmanager.net
2235,esp.aptrinsic.com
2236,adtech.ink
2237,cr.adobe.com
2238,widgets.outbrain.com
2239,sync.adtech.ink
2240,array514.prod.do.dsp.mp.microsoft.com
2241,api19-normal-useast8.tiktokv.us
2242,log16-normal-useast5.tiktokv.us
2243,crs.cr.adobe.com
2244,bidder.taboola.com
2245,res.cloudinary.com
2246,pi.ispot.tv
2247,att.net
2248,visualwebsiteoptimizer.com
2249,addthis.com
2250,gcp.omnitagjs.com
2251,vop.sundaysky.com
2252,com-c-3.edgekey.net
2253,microsoft.com-c-3.edgekey.net
2254,www.microsoft.com-c-3.edgekey.net
2255,streamrail.com
2256,dev.visualwebsiteoptimizer.com
2257,c2shb.pubgw.yahoo.com
2258,webcast-ws16-normal-useast8.tiktokv.us
2259,sync-t1.taboola.com
2260,francecentral.cloudapp.azure.com
2261,sslwidget.criteo.com
2262,prod-achm-general.svc.webex.com
2263,cdn.quantummetric.com
2264,securitydomain-pa.googleapis.com
2265,sharethis.com
2266,teamviewer.com
2267,init-cdn-lb.ess-apple.com.akadns.net
2268,beacons3.gvt2.com
2269,urbanairship.com
2270,powerschool.com
2271,display.bidder.taboola.com
2272,webcast19-normal-useast8.tiktokv.us
2273,array513.prod.do.dsp.mp.microsoft.com
2274,pbs-cs.yellowblue.io
2275,outlook.ms-acdc.office.com
2276,mapbox.com
2277,fa000000012.resources.office.net
2278,sync.ad.cpe.dotomi.com
2279,lsfilter.com
2280,match.sync.ad.cpe.dotomi.com
2281,mm.bing.net
2282,dscg4.akamai.net
2283,array508.prod.do.dsp.mp.microsoft.com
2284,reson8.com
2285,tasks-pa.clients6.google.com
2286,bouncex.net
2287,completion.amazon.com
2288,tags.srv.stackadapt.com
2289,sdk.split.io
2290,ring.com
2291,conviva.com
2292,uiboot.netflix.com
2293,signaler-pa.googleapis.com
2294,sportradarserving.com
2295,va6c2.adobess.com
2296,ss-prod-va6c2-ns.va6c2.adobess.com
2297,config.teams.trafficmanager.net
2298,frontier.tiktokv.us
2299,telecommandsvc.microsoft.com
2300,www.telecommandsvc.microsoft.com
2301,rtbhouse.com
2302,js.hs-scripts.com
2303,esp.rtbhouse.com
2304,gcs.sc-cdn.net
2305,array607.prod.do.dsp.mp.microsoft.com
2306,jwpltx.com
2307,ads.mozilla.org
2308,secure.gravatar.com
2309,rtbc-ue1.doubleverify.com
2310,cdn.brandmetrics.com
2311,thind.unityads.unity3d.com
2312,truoptik.com
2313,dmp.truoptik.com
2314,fa000000124.resources.office.net
2315,music.apple.com
2316,fwmrm.net
2317,ctnsnet.com
2318,mon16-normal-useast5.tiktokv.us
2319,a.sportradarserving.com
2320,us.ck-ie.com
2321,cryptauthenrollment.googleapis.com
2322,smres.zdxcloud.net
2323,trkn.us
2324,array511.prod.do.dsp.mp.microsoft.com
2325,ib-ibi.com
2326,global.ib-ibi.com
2327,copilot.microsoft.com
2328,e-planning.net
2329,cookies.nextmillmedia.com
2330,protechts.net
2331,tanium.com
2332,time.nist.gov
2333,mobile-collector.newrelic.com
2334,us5.us.criteo.com
2335,beyondtrustcloud.com
2336,ced-ns.sascdn.com
2337,gcc.teams.microsoft.com
2338,secure-us.imrworldwide.com
2339,array606.prod.do.dsp.mp.microsoft.com
2340,attester.gateway.icloud.com
2341,gamepass.com
2342,collector.brandmetrics.com
2343,login.windows.net
2344,rc.rlcdn.com
2345,catalog.gamepass.com
2346,downloads.dell.com
2347,partiality.itunes.apple.com
2348,parsely.com
2349,v16m.tiktokcdn-us.com
2350,ssum.casalemedia.com
2351,sequoia.cdn-apple.com
2352,cloud.tanium.com
2353,csync.smilewanted.com
2354,id.crwdcntrl.net
2355,api19-core-useast8.tiktokv.us
2356,api.onesignal.com
2357,js7k.com
2358,cdn.js7k.com
2359,v.fwmrm.net
2360,ymmobi.com
2361,events.bouncex.net
2362,data.ad-score.com
2363,gw-iad-bid.ymmobi.com
2364,sdds3.sophosupd.com
2365,res-4.public.onecdn.static.microsoft
2366,aws.privacysandboxservices.com
2367,bid.com
2368,rtb.bid.com
2369,hotjar.io
2370,feed.pghub.io
2371,redirector.gvt1.com
2372,logs.roku.com
2373,fa000000129.resources.office.net
2374,hsforms.com
2375,app.link
2376,array619.prod.do.dsp.mp.microsoft.com
2377,gspe35-ssl.ls-apple.com.akadns.net
2378,ts01-gyr-maverick.cloudsink.net
2379,configv2.unityads.unity3d.com
2380,anycast.adnxs.com
2381,the-ozone-project.com
2382,tr.teams.microsoft.com
2383,clump.dprodmgd105.aa-rt.sharepoint.com
2384,platform.hicloud.com
2385,fid.agkn.com
2386,px.mountain.com
2387,ccgateway.net
2388,ssp.yahoo.com
2389,cws.conviva.com
2390,array609.prod.do.dsp.mp.microsoft.com
2391,elb.the-ozone-project.com
2392,win1910.ipv6.microsoft.com
2393,nav.smartscreen.microsoft.com
2394,filedownload.csw.lenovo.com
2395,discord.com
2396,cdn2.inner-active.mobi
2397,array515.prod.do.dsp.mp.microsoft.com
2398,teams-events-data.trafficmanager.net
2399,media.apple.map.fastly.net
2400,h3.media.apple.map.fastly.net
2401,mobilemaps.googleapis.com
2402,array614.prod.do.dsp.mp.microsoft.com
2403,ono.axp.amazon-adsystem.com
2404,service-now.com
2405,array622.prod.do.dsp.mp.microsoft.com
2406,dscapi6.akamai.net
2407,crazyegg.com
2408,array616.prod.do.dsp.mp.microsoft.com
2409,m.youtube.com
2410,v45.tiktokcdn-us.com
2411,teams.live.com
2412,pandg.tapad.com
2413,shopifysvc.com
2414,oath.com
2415,tiktokcdn-eu.com
2416,assets.bounceexchange.com
2417,ib.mookie1.com
2418,pay.google.com
2419,cadmus.script.ac
2420,clickagy.com
2421,gccmod.ecs.office.com
2422,p16-common-sg.tiktokcdn-us.com
2423,va6-bid.adsrvr.org
2424,api-ssp.spot.im
2425,office.trafficmanager.net
2426,incidents.diagnostics.office.com
2427,secure-gl.imrworldwide.com
2428,alcmpn.com
2429,prd.jwpltx.com
2430,awswaf.com
2431,ecs.office.trafficmanager.net
2432,ekr.zdassets.com
2433,aorta.clickagy.com
2434,payments-graph.facebook.com
2435,cs.iqzone.com
2436,wu-b-net.trafficmanager.net
2437,tzm.protechts.net
2438,klaviyo.com
2439,vad-bid.adsrvr.org
2440,trackjs.com
2441,wv.inner-active.mobi
2442,p.alcmpn.com
2443,appswaldo-pa.clients6.google.com
2444,p-n.io
2445,p1.parsely.com
2446,script.crazyegg.com
2447,fallback.xx.fbcdn.net
2448,swscan.apple.com
2449,ieonlinews.microsoft.com
2450,v19.tiktokcdn-us.com
2451,sf-api-token-service.itunes.apple.com
2452,sync.serverbid.com
2453,infolinks.com
2454,i-fallback.instagram.com
2455,ib.anycast.adnxs.com
2456,microsoft.map.fastly.net
2457,gammaplatform.com
2458,scontent.fallback.xx.fbcdn.net
2459,image-cdn-ak.spotifycdn.com
2460,usbrowserspeed.com
2461,a.usbrowserspeed.com
2462,f.dl.delivery.mp.microsoft.com
2463,msedge.f.dl.delivery.mp.microsoft.com
2464,pangle.io
2465,winatp-gw-weu.microsoft.com
2466,graph.whatsapp.com
2467,i-ready.com
2468,s3-w.us-east-1.amazonaws.com
2469,ris.api.iris.microsoft.com
2470,onaudience.com
2471,cm-supply-web.gammaplatform.com
2472,api.taboola.com
2473,bing.com.trafficmanager.net
2474,krk2.kargo.com
2475,array501.prod.do.dsp.mp.microsoft.com
2476,pro-market.net
2477,southcentralus1-mediap.svc.ms
2478,smadex.com
2479,contextualadv.com
2480,a2047.mm3.akamai.net
2481,fa000000175.resources.office.net
2482,iad-06.braze.com
2483,static.licdn.com
2484,sdk.iad-06.braze.com
2485,hotapi16-normal-useast5.tiktokv.us
2486,cs.minutemedia-prebid.com
2487,b79c66077e27a1c100292a6aa5da291cfa7da7ef982a7d0d2708be38d76b31f.us-east-1.prod.service.minerva.devices.a2z.com
2488,proton.ad.gt
2489,data.adobedc.net
2490,static.gc.apple.com
2491,b.c2r.ts.cdn.office.net
2492,cdn.jwplayer.com
2493,gspe19-geo-selector.ls2-apple.com.akadns.net
2494,vortex-win.data.microsoft.com
2495,h.online-metrix.net
2496,gspe1-ssl.ls.apple.com.edgesuite.net
2497,watsonc.events.data.microsoft.com
2498,fei.pro-market.net
2499,globalredir.akadns.net
2500,net.globalredir.akadns.net
2501,bytewlb.akadns.net
2502,edge-web.dual-gslb.spotify.com
2503,admaster.cc
2504,discordapp.com
2505,monorail-edge.shopifysvc.com
2506,aes.us-east.ono.axp.amazon-adsystem.com
2507,us-east.ono.axp.amazon-adsystem.com
2508,openai.com
2509,catchon.com
2510,array621.prod.do.dsp.mp.microsoft.com
2511,agent.catchon.com
2512,accuweather.com
2513,content.googleapis.com
2514,mssdk16-normal-useast5.tiktokv.us
2515,euc-excel-telemetry.officeapps.live.com
2516,jivox.com
2517,eu-u.openx.net
2518,avast.com
2519,spl.zeotap.com
2520,3.tlu.dl.delivery.mp.microsoft.com
2521,ingest.quantummetric.com
2522,bpb.opendns.com
2523,pus3-collabhubrtc.officeapps.live.com
2524,a2047.dscapi9.akamai.net
2525,profile.gc.apple.com
2526,dclk-match.dotomi.com
2527,net.edgekey.net
2528,avs-alexa-14-na.amazon.com
2529,array519.prod.do.dsp.mp.microsoft.com
2530,microsoft365.com
2531,aan.amazon.com
2532,a.rfihub.com
2533,login.i-ready.com
2534,redd.it
2535,chromesyncpasswords-pa.googleapis.com
2536,rakuten.com
2537,array504.prod.do.dsp.mp.microsoft.com
2538,array507.prod.do.dsp.mp.microsoft.com
2539,www.netflix.com
2540,router.infolinks.com
2541,x.akamaiedge.net
2542,bf.dynatrace.com
2543,entitlements.jwplayer.com
2544,gsp64-ssl.ls-apple.com.akadns.net
2545,jamf.build
2546,streamtheworld.com
2547,pub.jamf.build
2548,sentry.pub.jamf.build
2549,example.org
2550,ocsp.globalsign.com
2551,vimeocdn.com
2552,feedback-pa.googleapis.com
2553,live.streamtheworld.com
2554,activemetering.com
2555,files-asr.acrobat.com
2556,baidu.com
2557,45-courier.push.apple.com
2558,aws-proxy-gcp.api.sc-gw.com
2559,sync.contextualadv.com
2560,20-courier.push.apple.com
2561,canvas-user-content.com
2562,dig.tiktokv.us
2563,35-courier.push.apple.com
2564,usage.trackjs.com
2565,array623.prod.do.dsp.mp.microsoft.com
2566,31-courier.push.apple.com
2567,track.activemetering.com
2568,39-courier.push.apple.com
2569,www.microsoft365.com
2570,21-courier.push.apple.com
2571,array809.prod.do.dsp.mp.microsoft.com
2572,6-courier.push.apple.com
2573,13-courier.push.apple.com
2574,pubmnet.com
2575,mon16-normal-useast8.tiktokv.us
2576,mparticle.com
2577,net.cdn.cloudflare.net
2578,42-courier.push.apple.com
2579,49-courier.push.apple.com
2580,cedexis-radar.net
2581,34-courier.push.apple.com
2582,init.cedexis-radar.net
2583,10-courier.push.apple.com
2584,devices.filter.relay.school
2585,filter.relay.school
2586,40-courier.push.apple.com
2587,22-courier.push.apple.com
2588,9-courier.push.apple.com
2589,userway.org
2590,29-courier.push.apple.com
2591,5-courier.push.apple.com
2592,24-courier.push.apple.com
2593,18-courier.push.apple.com
2594,28-courier.push.apple.com
2595,23-courier.push.apple.com
2596,12-courier.push.apple.com
2597,47-courier.push.apple.com
2598,8-courier.push.apple.com
2599,36-courier.push.apple.com
2600,30-courier.push.apple.com
2601,27-courier.push.apple.com
2602,37-courier.push.apple.com
2603,19-courier.push.apple.com
2604,4-courier.push.apple.com
2605,3-courier.push.apple.com
2606,11-courier.push.apple.com
2607,38-courier.push.apple.com
2608,7-courier.push.apple.com
2609,44-courier.push.apple.com
2610,admixer.net
2611,ep7.facebook.com
2612,48-courier.push.apple.com
2613,17-courier.push.apple.com
2614,iad-05.braze.com
2615,gsp57-ssl-background.ls.apple.com
2616,41-courier.push.apple.com
2617,26-courier.push.apple.com
2618,43-courier.push.apple.com
2619,32-courier.push.apple.com
2620,33-courier.push.apple.com
2621,ecs.nel.measure.office.net
2622,2-courier.push.apple.com
2623,15-courier.push.apple.com
2624,46-courier.push.apple.com
2625,16-courier.push.apple.com
2626,wa2-bid.adsrvr.org
2627,14-courier.push.apple.com
2628,50-courier.push.apple.com
2629,adswizz.com
2630,25-courier.push.apple.com
2631,tracker.samplicio.us
2632,sdk.iad-05.braze.com
2633,hybrid.ai
2634,amp-api-updates.apps.apple.com
2635,array802.prod.do.dsp.mp.microsoft.com
2636,log16-normal-useast8.tiktokv.us
2637,us-v20.events.endpoint.security.microsoft.com
2638,l-msedge.net
2639,onetrust.io
2640,p16-common-sign-va.tiktokcdn-us.com
2641,maps.google.com
2642,mobilefuse.com
2643,cdn.iads.unity3d.com
2644,2.tlu.dl.delivery.mp.microsoft.com
2645,inv-nets.admixer.net
2646,android-safebrowsing.google.com
2647,cdn.amplitude.com
2648,moatads.com
2649,firebaseperusertopics-pa.googleapis.com
2650,groundcontrol.rendering.sharethrough.com
2651,australiaeast.cloudapp.azure.com
2652,na.api.amazonvideo.com
2653,sync.technoratimedia.com
2654,rubiconproject.net.akadns.net
2655,wikimedia.org
2656,ninjarmm.com
2657,apple.com.edgekey.net
2658,prod-mediate-events.applovin.com
2659,apps-mzstatic-cdn.itunes-apple.com.akadns.net
2660,array624.prod.do.dsp.mp.microsoft.com
2661,screenshots.goguardian.com
2662,hb.yahoo.net
2663,ax-0002.ax-msedge.net
2664,unlinkability.apple.com
2665,a901.mm3.akamai.net
2666,cdn.discordapp.com
2667,thebrighttag.com
2668,s.thebrighttag.com
2669,permutive.com
2670,google-bidout-d.openx.net
2671,office.net.akadns.net
2672,us.creativecdn.com
2673,win-global-asimov-leafs-events-data.trafficmanager.net
2674,audio-ak.spotifycdn.com
2675,itunes.g.aaplimg.com
2676,ticketmaster.goguardian.com
2677,gue1-dealer.g2.spotify.com
2678,b-cdn.net
2679,b-msedge.net
2680,omex.cdn.office.net
2681,pm-widget.taboola.com
2682,hubapi.com
2683,com.itunes-apple.com.akadns.net
2684,mzstatic.com.itunes-apple.com.akadns.net
2685,p16-pu-useast8.tiktokcdn-us.com
2686,is-ssl.mzstatic.com.itunes-apple.com.akadns.net
2687,maps.windows.com
2688,mtunnel4.meraki.com
2689,capitaloneshopping.com
2690,array617.prod.do.dsp.mp.microsoft.com
2691,ess.g.aaplimg.com
2692,init.ess.g.aaplimg.com
2693,braze-images.com
2694,a-msedge.net
2695,iecvlist.microsoft.com
2696,wordonline.nel.measure.office.net
2697,slack-edge.com
2698,us-teams.events.data.microsoft.com
2699,raw.githubusercontent.com
2700,bobdi-exter-1vqeilnw5zym1-5134ab8e5a874149.elb.us-east-1.amazonaws.com
2701,cabana-server.cdn-apple.com
2702,optable.co
2703,beacon-sjc2.rubiconproject.com
2704,outbrainimg.com
2705,acp-ss-va6c2.adobe.io
2706,advertising.a2z.com
2707,pub.doubleverify.com
2708,2.pool.ntp.org
2709,lax1-ib.adnxs.com
2710,b16066390-frontier.amazonalexa.com
2711,tp.b16066390-frontier.amazonalexa.com
2712,aks-prod-westus2.access-point.cloudmessaging.edge.microsoft.com
2713,gecko16-normal-useast5.tiktokv.us
2714,choices-or.trustarc.com
2715,1drv.com
2716,static.whatsapp.net
2717,time.cloudflare.com
2718,ms4.applovin.com
2719,relay-autodetect.lsfilter.com
2720,imap.mail.yahoo.com
2721,instructure-uploads.s3.amazonaws.com
2722,pat-issuer.cloudflare.com
2723,dap.pat-issuer.cloudflare.com
2724,device-api.urbanairship.com
2725,us.akamai.net
2726,www.yahoo.com
2727,sqs.us-west-2.amazonaws.com
2728,wknd.ai
2729,firetvcaptiveportal.com
2730,a1051.dscg4.akamai.net
2731,p16-pu-sign-no.tiktokcdn-eu.com
2732,w181.akamai.net
2733,federatedcompute-pa.googleapis.com
2734,tse1.mm.bing.net
2735,a2047.w181.akamai.net
2736,dradis.netflix.com
2737,w.inmobi.com
2738,e86303.dscx.akamaiedge.net
2739,locationhistory-pa.googleapis.com
2740,mp.4dex.io
2741,api.amplitude.com
2742,01-westus-prod.cosmic.office.net
2743,stx-match.dotomi.com
2744,cat.us5.us.criteo.com
2745,cloud-asr.acrobat.com
2746,di.rlcdn.com
2747,mnz-efz.ms-acdc.office.com
2748,static.klaviyo.com
2749,ttdns2.com
2750,winatp-gw-neu.microsoft.com
2751,avcdn.net
2752,lkqd.net
2753,api.spotify.com
2754,owneriq.net
2755,px.owneriq.net
2756,cs.lkqd.net
2757,quota.fe2.apple-dns.net
2758,xboxlive.com
2759,appmetrica.yandex.net
2760,oraclecloud.com
2761,adobeid-na1.services.adobe.com
2762,rootg2.amazontrust.com
2763,vid-io-iad.springserve.com
2764,revcontent.com
2765,a233.dscd.akamai.net
2766,prime-video.amazon.dev
2767,1.pool.ntp.org
2768,userlocation.googleapis.com
2769,cdn.i-ready.com
2770,cognito-identity.us-east-1.amazonaws.com
2771,powerapps.com
2772,oajs.openx.net
2773,micro.rubiconproject.com
2774,westus2.cloudapp.azure.com
2775,edge.bamgrid.com
2776,i-sdk.mediation.unity3d.com
2777,dqa.samsung.com
2778,bg.microsoft.map.fastly.net
2779,msft-ssp-useast.adnxs.com
2780,pixel.onaudience.com
2781,p19-pu-useast8.tiktokcdn-us.com
2782,lifecycle.office.com
2783,messaging.lifecycle.office.com
2784,h2.bytedance.map.fastly.net
2785,dualstack.h2.bytedance.map.fastly.net
2786,dscq.akamai.net
2787,stocks-edge.apple.com
2788,extend.tv
2789,sync.extend.tv
2790,api.bounceexchange.com
2791,www.paypal.com
2792,0-courier.push.apple.com
2793,msua05.manage.microsoft.com
2794,ads.scorecardresearch.com
2795,mtunnel.meraki.com
2796,proc.ad.cpe.dotomi.com
2797,traffic-nts-ip-assoc.xz.fbcdn.net
2798,wayfair.com
2799,aspnetcdn.com
2800,ajax.aspnetcdn.com
2801,dbankcloud.com
2802,report.appmetrica.yandex.net
2803,www-www.bing.com.trafficmanager.net
2804,msftauthimages.net
2805,frontier-ttp2.tiktokv.us
2806,mtgglobals.com
2807,tnc16-normal-useast5.tiktokv.us
2808,discord.gg
2809,bam.cell.nr-data.net
2810,xiaomi.com
2811,outlook-sdf.office.com
2812,tvsquared.com
2813,tnc16-normal-useast8.tiktokv.us
2814,identrust.com
2815,agents.msua05.manage.microsoft.com
2816,edge-microsoft-com.ax-0002.ax-msedge.net
2817,pki-goog.l.google.com
2818,us1.thousandeyes.com
2819,eb.us1.thousandeyes.com
2820,cedexis.com
2821,t13.io
2822,s2s.t13.io
2823,box.com
2824,array805.prod.do.dsp.mp.microsoft.com
2825,array620.prod.do.dsp.mp.microsoft.com
2826,array801.prod.do.dsp.mp.microsoft.com
2827,navvy.media.net
2828,paloaltonetworks.com
2829,sf16-telemetry-proxy-oci.tiktokcdn-us.com
2830,api3.branch.io
2831,w182.akamai.net
2832,a2047.w182.akamai.net
2833,js.ad-score.com
2834,www.spotify.com
2835,api.userway.org
2836,ox-rtb-us-east1.openx.net
2837,idsync.reson8.com
2838,hbrcv.adobe.com
2839,entitlement.diagnostics.office.com
2840,www.msftncsi.com
2841,secure.flashtalking.com
2842,intercomcdn.com
2843,gmscompliance-pa.googleapis.com
2844,cp4.cloudflare.com
2845,www.dropbox.com
2846,clientgear.com
2847,cdn.userway.org
2848,dnacdn.net
2849,tealiumiq.com
2850,mzstorekit.lb-apple.com.akadns.net
2851,worldaz.tr.teams.microsoft.com
2852,tospotify.com
2853,cdn.forter.com
2854,vas.samsungapps.com
2855,event.clientgear.com
2856,www3.l.google.com
2857,amp-endpoint3.com
2858,c1.eb.us1.thousandeyes.com
2859,6sc.co
2860,pa.aws.privacysandboxservices.com
2861,publickeyservice.pa.aws.privacysandboxservices.com
2862,array512.prod.do.dsp.mp.microsoft.com
2863,eas.outlook.com
2864,impression.appsflyer.com
2865,analytics.rlcdn.com
2866,connectivitycheck.platform.hicloud.com
2867,splashtop.com
2868,ss.epdg.epc.mnc260.mcc310.pub.3gppnetwork.org
2869,appsuggestions.teams.microsoft.com
2870,view.adjust.com
2871,semanticlocation-pa.googleapis.com
2872,atlas.samsung.com
2873,di.atlas.samsung.com
2874,enroll.cisco.com
2875,farm.dprodmgd105.aa-rt.sharepoint.com
2876,us.tiktokv.com
2877,aadcdn.msftauthimages.net
2878,chunk-composing.canva.com
2879,api.permutive.com
2880,array613.prod.do.dsp.mp.microsoft.com
2881,edge.adobedc.net
2882,login.yahoo.com
2883,api.github.com
2884,media.canva.com
2885,api16-access-sg.pangle.io
2886,pptsgs.officeapps.live.com
2887,trends.revcontent.com
2888,s3-1-w.amazonaws.com
2889,api.pinterest.com
2890,trial-eum-clienttons-s.akamaihd.net
2891,trial-eum-clientnsv4-s.akamaihd.net
2892,az416426.vo.msecnd.net
2893,com.ttdns2.com
2894,cloud.com
2895,static.canva.com
2896,01-eastus2-prod.cosmic.office.net
2897,amp-endpoint2.com
2898,swdist.apple.com
2899,login.okta.com
2900,app.adjust.com
2901,device-provisioning.googleapis.com
2902,us-central1-gcp.api.sc-gw.com
2903,elb.us-east-2.amazonaws.com
2904,fpinit-us-e.edge-itunes-apple.com.akadns.net
2905,web.whatsapp.com
2906,ads.prod.webservices.mozgcp.net
2907,prod.ads.prod.webservices.mozgcp.net
2908,mc.prod.ads.prod.webservices.mozgcp.net
2909,dspw65.akamai.net
2910,servenobid.com
2911,mfx.mobilefuse.com
2912,cdn-v4.amp-endpoint3.com
2913,js.intercomcdn.com
2914,l-0007.l-msedge.net
2915,shop.app
2916,eu-v10c.events.data.microsoft.com
2917,t.wayfair.com
2918,match.360yield.com
2919,default.na.gateway.devices.a2z.com
2920,stags.bluekai.com
2921,westus-prod.cosmic.office.net
2922,fcdn.us.tiktokv.com
2923,win-extension.femetrics.grammarly.io
2924,linewize.net
2925,aliyuncs.com
2926,sdk.awswaf.com
2927,hangouts.clients6.google.com
2928,nexusrules.live.com.akadns.net
2929,prod.nexusrules.live.com.akadns.net
2930,probe.icloud.com
2931,c-t-usw2.s3.us-west-2.amazonaws.com
2932,ads.us.criteo.com
2933,cdn.heapanalytics.com
2934,adlightning.com
2935,sync.a-mo.net
2936,serving-sys.com
2937,array615.prod.do.dsp.mp.microsoft.com
2938,track.capitaloneshopping.com
2939,content-storage-download.googleapis.com
2940,msua08.manage.microsoft.com
2941,noa.yahoo.com
2942,ss2.us
2943,msauthimages.net
2944,pancake.g.aaplimg.com
2945,array610.prod.do.dsp.mp.microsoft.com
2946,paypalobjects.com
2947,mobile-data.onetrust.io
2948,vtrk.doubleverify.com
2949,myworkday.com
2950,mktoresp.com
2951,mus.cisco.com
2952,app-analytics-services-att.com
2953,ff.avast.com
2954,xlgmedia.com
2955,cdn.prod.uidapi.com
2956,s.xlgmedia.com
2957,www.outlook.com
2958,cma.itunes.apple.com
2959,aw.sc-cdn.net
2960,w183.akamai.net
2961,a2047.w183.akamai.net
2962,guc3-dealer.g2.spotify.com
2963,array603.prod.do.dsp.mp.microsoft.com
2964,api.mapbox.com
2965,sts.applovin.com
2966,array808.prod.do.dsp.mp.microsoft.com
2967,agents.msua08.manage.microsoft.com
2968,raindrop-a.wbx2.com
2969,array816.prod.do.dsp.mp.microsoft.com
2970,mobile.facebook.com
2971,pixels.spotify.com
2972,cdn-v6.amp-endpoint3.com
2973,knowbe4.com
2974,tagan.adlightning.com
2975,mmx-ds.cdn.whatsapp.net
2976,production-gc.lsfilter.com
2977,entitlements.edge-itunes-apple.com.akadns.net
2978,iphonesubmissions.apple.com
2979,www.paypalobjects.com
2980,meetings.clients6.google.com
2981,rootsoc.com
2982,ghent-gce-sc.bidswitch.net
2983,client.dropbox.com
2984,ngx-v4.amp-endpoint2.com
2985,prod-scout-reg.rootsoc.com
2986,gspe35-cdn.v.aaplimg.com
2987,hotapi16-normal-useast8.tiktokv.us
2988,hsadspixel.net
2989,idsync.live.streamtheworld.com
2990,pt.ispot.tv
2991,ice.360yield.com
2992,chrome.cloudflare-dns.com
2993,sandbox.google.com
2994,sentry-cdn.com
2995,t.contentsquare.net
2996,nrich.ai
2997,zoho.com
2998,identity.ess.apple.com
2999,aws.adobess.com
3000,gtracenep.admaster.cc
3001,pm.beyondtrustcloud.com
